Longitude (x),Latitude (y),Station Name,Climate ID,Date/Time,Year,Month,Day,Max Temp (°C),Min Temp (°C),Mean Temp (°C),Heat Deg Days (°C),Cool Deg Days (°C),Total Rain (mm),Total Snow (cm),Total Precip (mm),Label
-79.47,43.78,TORONTO NORTH YORK,615S001,01-01-2022,2022,1,1,4.00,1.00,2.50,15.50,0.00,0.00,3.00,3.00,1
-79.47,43.78,TORONTO NORTH YORK,615S001,02-01-2022,2022,1,2,-6.00,-8.00,-7.00,25.00,0.00,0.00,1.00,1.00,1
-79.47,43.78,TORONTO NORTH YORK,615S001,03-01-2022,2022,1,3,-4.00,-16.50,-10.25,28.30,0.00,0.00,0.00,0.00,0
-79.47,43.78,TORONTO NORTH YORK,615S001,04-01-2022,2022,1,4,4.00,-10.00,-3.00,21.00,0.00,0.00,0.00,0.00,0
-79.47,43.78,TORONTO NORTH YORK,615S001,05-01-2022,2022,1,5,3.50,-3.50,0.00,18.00,0.00,1.20,0.00,1.20,1
-79.47,43.78,TORONTO NORTH YORK,615S001,06-01-2022,2022,1,6,-3.00,-7.50,-5.25,23.30,0.00,0.00,0.20,0.20,1
-79.47,43.78,TORONTO NORTH YORK,615S001,07-01-2022,2022,1,7,-7.00,-13.00,-10.00,28.00,0.00,0.00,0.00,0.00,0
-79.47,43.78,TORONTO NORTH YORK,615S001,08-01-2022,2022,1,8,2.50,-16.00,-6.75,24.80,0.00,0.00,0.00,0.00,0
-79.47,43.78,TORONTO NORTH YORK,615S001,09-01-2022,2022,1,9,3.50,-4.50,-0.50,18.50,0.00,0.00,0.00,0.00,0
-79.47,43.78,TORONTO NORTH YORK,615S001,10-01-2022,2022,1,10,-9.00,-10.00,-9.50,27.50,0.00,0.00,0.00,0.00,0
-79.47,43.78,TORONTO NORTH YORK,615S001,11-01-2022,2022,1,11,14.67,3.93,9.30,9.78,1.09,1.55,0.35,1.91,1
-79.47,43.78,TORONTO NORTH YORK,615S001,12-01-2022,2022,1,12,14.67,3.93,9.30,9.78,1.09,1.55,0.35,1.91,1
-79.47,43.78,TORONTO NORTH YORK,615S001,13-01-2022,2022,1,13,14.67,3.93,9.30,9.78,1.09,1.55,0.35,1.91,1
-79.47,43.78,TORONTO NORTH YORK,615S001,14-01-2022,2022,1,14,-7.50,-12.50,-10.00,28.00,0.00,0.00,0.00,0.00,0
-79.47,43.78,TORONTO NORTH YORK,615S001,15-01-2022,2022,1,15,-12.50,-22.00,-17.25,35.30,0.00,0.00,0.00,0.00,0
-79.47,43.78,TORONTO NORTH YORK,615S001,16-01-2022,2022,1,16,-3.00,-18.50,-10.75,28.80,0.00,0.00,31.00,31.00,1
-79.47,43.78,TORONTO NORTH YORK,615S001,17-01-2022,2022,1,17,-3.50,-6.00,-4.75,22.80,0.00,0.00,14.40,14.40,1
-79.47,43.78,TORONTO NORTH YORK,615S001,18-01-2022,2022,1,18,3.00,-12.00,-4.50,22.50,0.00,0.00,1.20,1.20,1
-79.47,43.78,TORONTO NORTH YORK,615S001,19-01-2022,2022,1,19,14.67,3.93,9.30,9.78,1.09,1.55,0.35,1.91,1
-79.47,43.78,TORONTO NORTH YORK,615S001,20-01-2022,2022,1,20,14.67,3.93,9.30,9.78,1.09,1.55,0.35,1.91,1
-79.47,43.78,TORONTO NORTH YORK,615S001,21-01-2022,2022,1,21,-8.00,-26.00,-17.00,35.00,0.00,0.00,0.00,0.00,0
-79.47,43.78,TORONTO NORTH YORK,615S001,22-01-2022,2022,1,22,-4.50,-21.50,-13.00,31.00,0.00,0.00,0.00,0.00,0
-79.47,43.78,TORONTO NORTH YORK,615S001,23-01-2022,2022,1,23,14.67,3.93,9.30,9.78,1.09,1.55,0.35,1.91,1
-79.47,43.78,TORONTO NORTH YORK,615S001,24-01-2022,2022,1,24,14.67,3.93,9.30,9.78,1.09,1.55,0.35,1.91,1
-79.47,43.78,TORONTO NORTH YORK,615S001,25-01-2022,2022,1,25,-7.00,-12.00,-9.50,27.50,0.00,0.00,0.00,0.00,0
-79.47,43.78,TORONTO NORTH YORK,615S001,26-01-2022,2022,1,26,-8.00,-19.50,-13.75,31.80,0.00,0.00,0.00,0.00,0
-79.47,43.78,TORONTO NORTH YORK,615S001,27-01-2022,2022,1,27,-4.00,-16.50,-10.25,28.30,0.00,0.00,0.00,0.00,0
-79.47,43.78,TORONTO NORTH YORK,615S001,28-01-2022,2022,1,28,-11.00,-18.50,-14.75,32.80,0.00,0.00,0.00,0.00,0
-79.47,43.78,TORONTO NORTH YORK,615S001,29-01-2022,2022,1,29,-10.00,-22.00,-16.00,34.00,0.00,0.00,0.00,0.00,0
-79.47,43.78,TORONTO NORTH YORK,615S001,30-01-2022,2022,1,30,-4.50,-20.50,-12.50,30.50,0.00,0.00,0.00,0.00,0
-79.47,43.78,TORONTO NORTH YORK,615S001,31-01-2022,2022,1,31,0.00,-7.00,-3.50,21.50,0.00,0.00,0.00,0.00,0
-79.47,43.78,TORONTO NORTH YORK,615S001,01-02-2022,2022,2,1,4.50,-12.50,-4.00,22.00,0.00,0.00,0.00,0.00,0
-79.47,43.78,TORONTO NORTH YORK,615S001,02-02-2022,2022,2,2,4.00,-1.00,1.50,16.50,0.00,4.20,5.00,9.20,1
-79.47,43.78,TORONTO NORTH YORK,615S001,03-02-2022,2022,2,3,-5.50,-9.00,-7.25,25.30,0.00,0.00,3.00,3.00,1
-79.47,43.78,TORONTO NORTH YORK,615S001,04-02-2022,2022,2,4,-9.00,-14.00,-11.50,29.50,0.00,0.00,0.00,0.00,0
-79.47,43.78,TORONTO NORTH YORK,615S001,05-02-2022,2022,2,5,-5.50,-16.00,-10.75,28.80,0.00,0.00,0.00,0.00,0
-79.47,43.78,TORONTO NORTH YORK,615S001,06-02-2022,2022,2,6,1.00,-15.50,-7.25,25.30,0.00,0.00,0.00,0.00,0
-79.47,43.78,TORONTO NORTH YORK,615S001,07-02-2022,2022,2,7,4.00,-4.00,0.00,18.00,0.00,0.00,0.00,0.00,0
-79.47,43.78,TORONTO NORTH YORK,615S001,08-02-2022,2022,2,8,-0.50,-4.00,-2.25,20.30,0.00,0.00,0.00,0.00,0
-79.47,43.78,TORONTO NORTH YORK,615S001,09-02-2022,2022,2,9,7.00,-10.00,-1.50,19.50,0.00,0.00,0.00,0.00,0
-79.47,43.78,TORONTO NORTH YORK,615S001,10-02-2022,2022,2,10,2.00,0.00,1.00,17.00,0.00,0.00,0.00,0.00,0
-79.47,43.78,TORONTO NORTH YORK,615S001,11-02-2022,2022,2,11,3.50,-2.00,0.75,17.20,0.00,0.00,0.00,0.00,0
-79.47,43.78,TORONTO NORTH YORK,615S001,12-02-2022,2022,2,12,-5.00,-8.50,-6.75,24.80,0.00,0.00,0.00,0.00,0
-79.47,43.78,TORONTO NORTH YORK,615S001,13-02-2022,2022,2,13,-8.50,-18.00,-13.25,31.30,0.00,0.00,0.00,0.00,0
-79.47,43.78,TORONTO NORTH YORK,615S001,14-02-2022,2022,2,14,-8.00,-18.00,-13.00,31.00,0.00,0.00,0.00,0.00,0
-79.47,43.78,TORONTO NORTH YORK,615S001,15-02-2022,2022,2,15,-1.00,-13.00,-7.00,25.00,0.00,0.00,0.00,0.00,0
-79.47,43.78,TORONTO NORTH YORK,615S001,16-02-2022,2022,2,16,10.50,-6.50,2.00,16.00,0.00,0.00,0.00,0.00,0
-79.47,43.78,TORONTO NORTH YORK,615S001,17-02-2022,2022,2,17,5.50,-0.50,2.50,15.50,0.00,3.60,16.40,20.00,1
-79.47,43.78,TORONTO NORTH YORK,615S001,18-02-2022,2022,2,18,-5.50,-13.00,-9.25,27.30,0.00,0.00,2.00,2.00,1
-79.47,43.78,TORONTO NORTH YORK,615S001,19-02-2022,2022,2,19,-5.50,-9.00,-7.25,25.30,0.00,0.00,1.00,1.00,1
-79.47,43.78,TORONTO NORTH YORK,615S001,20-02-2022,2022,2,20,7.00,-11.50,-2.25,20.30,0.00,0.00,0.00,0.00,0
-79.47,43.78,TORONTO NORTH YORK,615S001,21-02-2022,2022,2,21,6.00,-0.50,2.75,15.20,0.00,0.00,0.00,0.00,0
-79.47,43.78,TORONTO NORTH YORK,615S001,22-02-2022,2022,2,22,9.00,-2.00,3.50,14.50,0.00,5.80,0.00,5.80,1
-79.47,43.78,TORONTO NORTH YORK,615S001,23-02-2022,2022,2,23,-3.50,-8.00,-5.75,23.80,0.00,0.00,0.00,0.00,0
-79.47,43.78,TORONTO NORTH YORK,615S001,24-02-2022,2022,2,24,-5.00,-13.00,-9.00,27.00,0.00,0.00,1.00,1.00,1
-79.47,43.78,TORONTO NORTH YORK,615S001,25-02-2022,2022,2,25,-5.50,-11.00,-8.25,26.30,0.00,0.00,1.00,1.00,1
-79.47,43.78,TORONTO NORTH YORK,615S001,26-02-2022,2022,2,26,-1.50,-15.50,-8.50,26.50,0.00,0.00,0.00,0.00,0
-79.47,43.78,TORONTO NORTH YORK,615S001,27-02-2022,2022,2,27,1.50,-5.50,-2.00,20.00,0.00,0.00,0.00,0.00,0
-79.47,43.78,TORONTO NORTH YORK,615S001,28-02-2022,2022,2,28,-1.50,-16.00,-8.75,26.80,0.00,0.00,0.00,0.00,0
-79.47,43.78,TORONTO NORTH YORK,615S001,01-03-2022,2022,3,1,5.00,-7.50,-1.25,19.30,0.00,0.00,0.00,0.00,0
-79.47,43.78,TORONTO NORTH YORK,615S001,02-03-2022,2022,3,2,2.50,-4.50,-1.00,19.00,0.00,0.00,0.20,0.20,1
-79.47,43.78,TORONTO NORTH YORK,615S001,03-03-2022,2022,3,3,-4.50,-11.00,-7.75,25.80,0.00,0.00,0.00,0.00,0
-79.47,43.78,TORONTO NORTH YORK,615S001,04-03-2022,2022,3,4,1.00,-11.50,-5.25,23.30,0.00,0.00,0.00,0.00,0
-79.47,43.78,TORONTO NORTH YORK,615S001,05-03-2022,2022,3,5,9.50,-6.00,1.75,16.20,0.00,1.60,0.00,1.60,1
-79.47,43.78,TORONTO NORTH YORK,615S001,06-03-2022,2022,3,6,15.50,-0.50,7.50,10.50,0.00,2.20,0.00,2.20,1
-79.47,43.78,TORONTO NORTH YORK,615S001,07-03-2022,2022,3,7,1.50,-0.50,0.50,17.50,0.00,2.80,1.40,4.20,1
-79.47,43.78,TORONTO NORTH YORK,615S001,08-03-2022,2022,3,8,2.50,-4.00,-0.75,18.80,0.00,0.00,0.00,0.00,0
-79.47,43.78,TORONTO NORTH YORK,615S001,09-03-2022,2022,3,9,5.50,-5.00,0.25,17.70,0.00,0.00,0.00,0.00,0
-79.47,43.78,TORONTO NORTH YORK,615S001,10-03-2022,2022,3,10,4.50,-3.00,0.75,17.20,0.00,0.00,1.00,1.00,1
-79.47,43.78,TORONTO NORTH YORK,615S001,11-03-2022,2022,3,11,-0.50,-4.00,-2.25,20.30,0.00,0.00,3.00,3.00,1
-79.47,43.78,TORONTO NORTH YORK,615S001,12-03-2022,2022,3,12,-4.00,-7.50,-5.75,23.80,0.00,0.00,0.00,0.00,0
-79.47,43.78,TORONTO NORTH YORK,615S001,13-03-2022,2022,3,13,0.00,-10.50,-5.25,23.30,0.00,0.00,1.20,1.20,1
-79.47,43.78,TORONTO NORTH YORK,615S001,14-03-2022,2022,3,14,7.00,-8.00,-0.50,18.50,0.00,0.00,1.00,1.00,1
-79.47,43.78,TORONTO NORTH YORK,615S001,15-03-2022,2022,3,15,2.00,0.00,1.00,17.00,0.00,0.00,3.80,3.80,1
-79.47,43.78,TORONTO NORTH YORK,615S001,16-03-2022,2022,3,16,6.50,-0.50,3.00,15.00,0.00,0.00,0.00,0.00,0
-79.47,43.78,TORONTO NORTH YORK,615S001,17-03-2022,2022,3,17,18.50,-0.50,9.00,9.00,0.00,0.00,0.00,0.00,0
-79.47,43.78,TORONTO NORTH YORK,615S001,18-03-2022,2022,3,18,14.00,5.00,9.50,8.50,0.00,0.00,0.00,0.00,0
-79.47,43.78,TORONTO NORTH YORK,615S001,19-03-2022,2022,3,19,9.00,5.00,7.00,11.00,0.00,9.60,0.00,9.60,1
-79.47,43.78,TORONTO NORTH YORK,615S001,20-03-2022,2022,3,20,12.00,1.50,6.75,11.20,0.00,0.00,0.00,0.00,0
-79.47,43.78,TORONTO NORTH YORK,615S001,21-03-2022,2022,3,21,13.50,-1.00,6.25,11.70,0.00,0.00,0.00,0.00,0
-79.47,43.78,TORONTO NORTH YORK,615S001,22-03-2022,2022,3,22,8.00,-4.50,1.75,16.20,0.00,0.00,0.00,0.00,0
-79.47,43.78,TORONTO NORTH YORK,615S001,23-03-2022,2022,3,23,5.50,0.50,3.00,15.00,0.00,18.80,0.00,18.80,1
-79.47,43.78,TORONTO NORTH YORK,615S001,24-03-2022,2022,3,24,11.00,0.50,5.75,12.20,0.00,0.40,0.00,0.40,1
-79.47,43.78,TORONTO NORTH YORK,615S001,25-03-2022,2022,3,25,6.00,2.00,4.00,14.00,0.00,0.00,0.00,0.00,0
-79.47,43.78,TORONTO NORTH YORK,615S001,26-03-2022,2022,3,26,14.67,3.93,9.30,9.78,1.09,1.55,0.35,1.91,1
-79.47,43.78,TORONTO NORTH YORK,615S001,27-03-2022,2022,3,27,14.67,3.93,9.30,9.78,1.09,1.55,0.35,1.91,1
-79.47,43.78,TORONTO NORTH YORK,615S001,28-03-2022,2022,3,28,-5.00,-11.50,-8.25,26.30,0.00,0.00,0.00,0.00,0
-79.47,43.78,TORONTO NORTH YORK,615S001,29-03-2022,2022,3,29,2.50,-8.50,-3.00,21.00,0.00,0.00,0.00,0.00,0
-79.47,43.78,TORONTO NORTH YORK,615S001,30-03-2022,2022,3,30,13.00,-6.00,3.50,14.50,0.00,2.60,1.00,3.60,1
-79.47,43.78,TORONTO NORTH YORK,615S001,31-03-2022,2022,3,31,18.00,0.00,9.00,9.00,0.00,0.20,1.00,1.20,1
-79.47,43.78,TORONTO NORTH YORK,615S001,01-04-2022,2022,4,1,3.00,0.00,1.50,16.50,0.00,1.00,0.00,1.00,1
-79.47,43.78,TORONTO NORTH YORK,615S001,02-04-2022,2022,4,2,7.00,-5.50,0.75,17.20,0.00,0.00,0.00,0.00,0
-79.47,43.78,TORONTO NORTH YORK,615S001,03-04-2022,2022,4,3,6.50,0.00,3.25,14.70,0.00,0.00,0.00,0.00,0
-79.47,43.78,TORONTO NORTH YORK,615S001,04-04-2022,2022,4,4,8.00,-3.00,2.50,15.50,0.00,0.60,0.00,0.60,1
-79.47,43.78,TORONTO NORTH YORK,615S001,05-04-2022,2022,4,5,12.00,3.00,7.50,10.50,0.00,0.00,0.00,0.00,0
-79.47,43.78,TORONTO NORTH YORK,615S001,06-04-2022,2022,4,6,12.50,6.50,9.50,8.50,0.00,8.00,0.00,8.00,1
-79.47,43.78,TORONTO NORTH YORK,615S001,07-04-2022,2022,4,7,15.50,5.50,10.50,7.50,0.00,0.00,0.00,0.00,0
-79.47,43.78,TORONTO NORTH YORK,615S001,08-04-2022,2022,4,8,10.50,0.50,5.50,12.50,0.00,0.00,0.00,0.00,0
-79.47,43.78,TORONTO NORTH YORK,615S001,09-04-2022,2022,4,9,14.67,3.93,9.30,9.78,1.09,1.55,0.35,1.91,1
-79.47,43.78,TORONTO NORTH YORK,615S001,10-04-2022,2022,4,10,9.00,0.00,4.50,13.50,0.00,0.00,0.00,0.00,0
-79.47,43.78,TORONTO NORTH YORK,615S001,11-04-2022,2022,4,11,11.50,-2.00,4.75,13.20,0.00,0.20,0.00,0.20,1
-79.47,43.78,TORONTO NORTH YORK,615S001,12-04-2022,2022,4,12,17.00,4.50,10.75,7.20,0.00,0.20,0.00,0.20,1
-79.47,43.78,TORONTO NORTH YORK,615S001,13-04-2022,2022,4,13,20.00,7.50,13.75,4.20,0.00,4.00,0.00,4.00,1
-79.47,43.78,TORONTO NORTH YORK,615S001,14-04-2022,2022,4,14,14.00,8.00,11.00,7.00,0.00,0.20,0.00,0.20,1
-79.47,43.78,TORONTO NORTH YORK,615S001,15-04-2022,2022,4,15,14.67,3.93,9.30,9.78,1.09,1.55,0.35,1.91,1
-79.47,43.78,TORONTO NORTH YORK,615S001,16-04-2022,2022,4,16,14.67,3.93,9.30,9.78,1.09,1.55,0.35,1.91,1
-79.47,43.78,TORONTO NORTH YORK,615S001,17-04-2022,2022,4,17,14.67,3.93,9.30,9.78,1.09,1.55,0.35,1.91,1
-79.47,43.78,TORONTO NORTH YORK,615S001,18-04-2022,2022,4,18,7.00,-3.00,2.00,16.00,0.00,6.60,5.00,11.60,1
-79.47,43.78,TORONTO NORTH YORK,615S001,19-04-2022,2022,4,19,6.00,0.00,3.00,15.00,0.00,2.80,0.00,2.80,1
-79.47,43.78,TORONTO NORTH YORK,615S001,20-04-2022,2022,4,20,11.50,1.00,6.25,11.70,0.00,5.50,0.00,5.50,1
-79.47,43.78,TORONTO NORTH YORK,615S001,21-04-2022,2022,4,21,16.00,3.50,9.75,8.20,0.00,1.00,0.00,1.00,1
-79.47,43.78,TORONTO NORTH YORK,615S001,22-04-2022,2022,4,22,19.00,3.00,11.00,7.00,0.00,0.00,0.00,0.00,0
-79.47,43.78,TORONTO NORTH YORK,615S001,23-04-2022,2022,4,23,12.00,2.00,7.00,11.00,0.00,0.00,0.00,0.00,0
-79.47,43.78,TORONTO NORTH YORK,615S001,24-04-2022,2022,4,24,17.00,6.50,11.75,6.20,0.00,0.50,0.00,0.50,1
-79.47,43.78,TORONTO NORTH YORK,615S001,25-04-2022,2022,4,25,20.50,10.50,15.50,2.50,0.00,9.80,0.00,9.80,1
-79.47,43.78,TORONTO NORTH YORK,615S001,26-04-2022,2022,4,26,10.00,1.50,5.75,12.20,0.00,1.00,0.00,1.00,1
-79.47,43.78,TORONTO NORTH YORK,615S001,27-04-2022,2022,4,27,4.50,-0.50,2.00,16.00,0.00,0.00,0.00,0.00,0
-79.47,43.78,TORONTO NORTH YORK,615S001,28-04-2022,2022,4,28,10.50,-2.00,4.25,13.70,0.00,0.00,0.00,0.00,0
-79.47,43.78,TORONTO NORTH YORK,615S001,29-04-2022,2022,4,29,15.50,-2.00,6.75,11.20,0.00,0.00,0.00,0.00,0
-79.47,43.78,TORONTO NORTH YORK,615S001,30-04-2022,2022,4,30,15.00,0.50,7.75,10.20,0.00,0.00,0.00,0.00,0
-79.47,43.78,TORONTO NORTH YORK,615S001,01-05-2022,2022,5,1,12.00,3.00,7.50,10.50,0.00,2.20,0.00,2.20,1
-79.47,43.78,TORONTO NORTH YORK,615S001,02-05-2022,2022,5,2,14.00,8.50,11.25,6.70,0.00,0.20,0.00,0.20,1
-79.47,43.78,TORONTO NORTH YORK,615S001,03-05-2022,2022,5,3,14.50,5.00,9.75,8.20,0.00,18.80,0.00,18.80,1
-79.47,43.78,TORONTO NORTH YORK,615S001,04-05-2022,2022,5,4,16.00,9.50,12.75,5.20,0.00,0.00,0.00,0.00,0
-79.47,43.78,TORONTO NORTH YORK,615S001,05-05-2022,2022,5,5,17.00,2.50,9.75,8.20,0.00,0.00,0.00,0.00,0
-79.47,43.78,TORONTO NORTH YORK,615S001,06-05-2022,2022,5,6,17.50,7.50,12.50,5.50,0.00,0.00,0.00,0.00,0
-79.47,43.78,TORONTO NORTH YORK,615S001,07-05-2022,2022,5,7,17.00,6.00,11.50,6.50,0.00,0.00,0.00,0.00,0
-79.47,43.78,TORONTO NORTH YORK,615S001,08-05-2022,2022,5,8,17.00,2.50,9.75,8.20,0.00,0.00,0.00,0.00,0
-79.47,43.78,TORONTO NORTH YORK,615S001,09-05-2022,2022,5,9,20.50,2.00,11.25,6.70,0.00,0.00,0.00,0.00,0
-79.47,43.78,TORONTO NORTH YORK,615S001,10-05-2022,2022,5,10,22.50,6.50,14.50,3.50,0.00,0.00,0.00,0.00,0
-79.47,43.78,TORONTO NORTH YORK,615S001,11-05-2022,2022,5,11,27.00,9.00,18.00,0.00,0.00,0.00,0.00,0.00,0
-79.47,43.78,TORONTO NORTH YORK,615S001,12-05-2022,2022,5,12,28.00,9.00,18.50,0.00,0.50,0.00,0.00,0.00,0
-79.47,43.78,TORONTO NORTH YORK,615S001,13-05-2022,2022,5,13,27.50,9.00,18.25,0.00,0.30,0.00,0.00,0.00,0
-79.47,43.78,TORONTO NORTH YORK,615S001,14-05-2022,2022,5,14,27.50,13.00,20.25,0.00,2.30,0.00,0.00,0.00,0
-79.47,43.78,TORONTO NORTH YORK,615S001,15-05-2022,2022,5,15,30.00,15.00,22.50,0.00,4.50,0.00,0.00,0.00,0
-79.47,43.78,TORONTO NORTH YORK,615S001,16-05-2022,2022,5,16,17.50,11.00,14.25,3.70,0.00,12.80,0.00,12.80,1
-79.47,43.78,TORONTO NORTH YORK,615S001,17-05-2022,2022,5,17,17.00,6.00,11.50,6.50,0.00,1.00,0.00,1.00,1
-79.47,43.78,TORONTO NORTH YORK,615S001,18-05-2022,2022,5,18,15.50,3.00,9.25,8.70,0.00,0.80,0.00,0.80,1
-79.47,43.78,TORONTO NORTH YORK,615S001,19-05-2022,2022,5,19,21.50,8.00,14.75,3.20,0.00,0.00,0.00,0.00,0
-79.47,43.78,TORONTO NORTH YORK,615S001,20-05-2022,2022,5,20,14.67,3.93,9.30,9.78,1.09,1.55,0.35,1.91,1
-79.47,43.78,TORONTO NORTH YORK,615S001,21-05-2022,2022,5,21,30.00,14.50,22.25,0.00,4.30,5.80,0.00,5.80,1
-79.47,43.78,TORONTO NORTH YORK,615S001,22-05-2022,2022,5,22,16.50,9.50,13.00,5.00,0.00,0.20,0.00,0.20,1
-79.47,43.78,TORONTO NORTH YORK,615S001,23-05-2022,2022,5,23,17.50,5.50,11.50,6.50,0.00,0.00,0.00,0.00,0
-79.47,43.78,TORONTO NORTH YORK,615S001,24-05-2022,2022,5,24,24.00,4.00,14.00,4.00,0.00,0.00,0.00,0.00,0
-79.47,43.78,TORONTO NORTH YORK,615S001,25-05-2022,2022,5,25,20.00,7.00,13.50,4.50,0.00,0.00,0.00,0.00,0
-79.47,43.78,TORONTO NORTH YORK,615S001,26-05-2022,2022,5,26,26.50,12.50,19.50,0.00,1.50,4.30,0.00,4.30,1
-79.47,43.78,TORONTO NORTH YORK,615S001,27-05-2022,2022,5,27,23.50,17.00,20.25,0.00,2.30,2.20,0.00,2.20,1
-79.47,43.78,TORONTO NORTH YORK,615S001,28-05-2022,2022,5,28,22.00,13.00,17.50,0.50,0.00,0.00,0.00,0.00,0
-79.47,43.78,TORONTO NORTH YORK,615S001,29-05-2022,2022,5,29,25.50,13.00,19.25,0.00,1.30,0.00,0.00,0.00,0
-79.47,43.78,TORONTO NORTH YORK,615S001,30-05-2022,2022,5,30,31.50,13.50,22.50,0.00,4.50,0.00,0.00,0.00,0
-79.47,43.78,TORONTO NORTH YORK,615S001,31-05-2022,2022,5,31,32.50,15.50,24.00,0.00,6.00,0.00,0.00,0.00,0
-79.47,43.78,TORONTO NORTH YORK,615S001,01-06-2022,2022,6,1,26.00,16.00,21.00,0.00,3.00,3.50,0.00,3.50,1
-79.47,43.78,TORONTO NORTH YORK,615S001,02-06-2022,2022,6,2,21.50,10.50,16.00,2.00,0.00,0.00,0.00,0.00,0
-79.47,43.78,TORONTO NORTH YORK,615S001,03-06-2022,2022,6,3,24.50,7.50,16.00,2.00,0.00,2.10,0.00,2.10,1
-79.47,43.78,TORONTO NORTH YORK,615S001,04-06-2022,2022,6,4,21.00,7.50,14.25,3.70,0.00,0.00,0.00,0.00,0
-79.47,43.78,TORONTO NORTH YORK,615S001,05-06-2022,2022,6,5,25.00,6.00,15.50,2.50,0.00,1.20,0.00,1.20,1
-79.47,43.78,TORONTO NORTH YORK,615S001,06-06-2022,2022,6,6,23.50,12.50,18.00,0.00,0.00,23.10,0.00,23.10,1
-79.47,43.78,TORONTO NORTH YORK,615S001,07-06-2022,2022,6,7,22.50,15.00,18.75,0.00,0.80,0.50,0.00,0.50,1
-79.47,43.78,TORONTO NORTH YORK,615S001,08-06-2022,2022,6,8,23.00,10.00,16.50,1.50,0.00,7.40,0.00,7.40,1
-79.47,43.78,TORONTO NORTH YORK,615S001,09-06-2022,2022,6,9,22.00,13.00,17.50,0.50,0.00,1.00,0.00,1.00,1
-79.47,43.78,TORONTO NORTH YORK,615S001,10-06-2022,2022,6,10,24.00,12.00,18.00,0.00,0.00,0.00,0.00,0.00,0
-79.47,43.78,TORONTO NORTH YORK,615S001,11-06-2022,2022,6,11,24.00,12.50,18.25,0.00,0.30,7.80,0.00,7.80,1
-79.47,43.78,TORONTO NORTH YORK,615S001,12-06-2022,2022,6,12,24.50,12.50,18.50,0.00,0.50,1.30,0.00,1.30,1
-79.47,43.78,TORONTO NORTH YORK,615S001,13-06-2022,2022,6,13,24.00,9.00,16.50,1.50,0.00,0.00,0.00,0.00,0
-79.47,43.78,TORONTO NORTH YORK,615S001,14-06-2022,2022,6,14,26.00,13.50,19.75,0.00,1.80,0.00,0.00,0.00,0
-79.47,43.78,TORONTO NORTH YORK,615S001,15-06-2022,2022,6,15,26.00,13.00,19.50,0.00,1.50,1.30,0.00,1.30,1
-79.47,43.78,TORONTO NORTH YORK,615S001,16-06-2022,2022,6,16,32.00,16.50,24.25,0.00,6.30,7.20,0.00,7.20,1
-79.47,43.78,TORONTO NORTH YORK,615S001,17-06-2022,2022,6,17,26.50,18.00,22.25,0.00,4.30,0.00,0.00,0.00,0
-79.47,43.78,TORONTO NORTH YORK,615S001,18-06-2022,2022,6,18,20.00,10.00,15.00,3.00,0.00,0.00,0.00,0.00,0
-79.47,43.78,TORONTO NORTH YORK,615S001,19-06-2022,2022,6,19,22.00,5.50,13.75,4.20,0.00,0.00,0.00,0.00,0
-79.47,43.78,TORONTO NORTH YORK,615S001,20-06-2022,2022,6,20,23.00,13.50,18.25,0.00,0.30,0.00,0.00,0.00,0
-79.47,43.78,TORONTO NORTH YORK,615S001,21-06-2022,2022,6,21,32.50,16.50,24.50,0.00,6.50,0.00,0.00,0.00,0
-79.47,43.78,TORONTO NORTH YORK,615S001,22-06-2022,2022,6,22,34.50,19.00,26.75,0.00,8.80,0.00,0.00,0.00,0
-79.47,43.78,TORONTO NORTH YORK,615S001,23-06-2022,2022,6,23,28.00,15.50,21.75,0.00,3.80,0.00,0.00,0.00,0
-79.47,43.78,TORONTO NORTH YORK,615S001,24-06-2022,2022,6,24,31.00,11.00,21.00,0.00,3.00,0.00,0.00,0.00,0
-79.47,43.78,TORONTO NORTH YORK,615S001,25-06-2022,2022,6,25,32.50,15.00,23.75,0.00,5.80,0.00,0.00,0.00,0
-79.47,43.78,TORONTO NORTH YORK,615S001,26-06-2022,2022,6,26,30.50,16.00,23.25,0.00,5.30,0.00,0.00,0.00,0
-79.47,43.78,TORONTO NORTH YORK,615S001,27-06-2022,2022,6,27,21.50,14.50,18.00,0.00,0.00,0.00,0.00,0.00,0
-79.47,43.78,TORONTO NORTH YORK,615S001,28-06-2022,2022,6,28,25.00,8.50,16.75,1.20,0.00,0.00,0.00,0.00,0
-79.47,43.78,TORONTO NORTH YORK,615S001,29-06-2022,2022,6,29,24.00,12.00,18.00,0.00,0.00,2.60,0.00,2.60,1
-79.47,43.78,TORONTO NORTH YORK,615S001,30-06-2022,2022,6,30,29.00,10.50,19.75,0.00,1.80,0.00,0.00,0.00,0
-79.47,43.78,TORONTO NORTH YORK,615S001,01-07-2022,2022,7,1,29.50,16.50,23.00,0.00,5.00,0.00,0.00,0.00,0
-79.47,43.78,TORONTO NORTH YORK,615S001,02-07-2022,2022,7,2,29.00,11.00,20.00,0.00,2.00,0.00,0.00,0.00,0
-79.47,43.78,TORONTO NORTH YORK,615S001,03-07-2022,2022,7,3,28.00,13.50,20.75,0.00,2.80,0.00,0.00,0.00,0
-79.47,43.78,TORONTO NORTH YORK,615S001,04-07-2022,2022,7,4,29.00,12.00,20.50,0.00,2.50,1.00,0.00,1.00,1
-79.47,43.78,TORONTO NORTH YORK,615S001,05-07-2022,2022,7,5,27.00,18.00,22.50,0.00,4.50,4.10,0.00,4.10,1
-79.47,43.78,TORONTO NORTH YORK,615S001,06-07-2022,2022,7,6,24.00,16.50,20.25,0.00,2.30,0.00,0.00,0.00,0
-79.47,43.78,TORONTO NORTH YORK,615S001,07-07-2022,2022,7,7,28.00,13.00,20.50,0.00,2.50,0.00,0.00,0.00,0
-79.47,43.78,TORONTO NORTH YORK,615S001,08-07-2022,2022,7,8,27.50,14.50,21.00,0.00,3.00,0.00,0.00,0.00,0
-79.47,43.78,TORONTO NORTH YORK,615S001,09-07-2022,2022,7,9,25.50,12.50,19.00,0.00,1.00,0.00,0.00,0.00,0
-79.47,43.78,TORONTO NORTH YORK,615S001,10-07-2022,2022,7,10,28.50,13.50,21.00,0.00,3.00,0.00,0.00,0.00,0
-79.47,43.78,TORONTO NORTH YORK,615S001,11-07-2022,2022,7,11,32.00,12.00,22.00,0.00,4.00,0.00,0.00,0.00,0
-79.47,43.78,TORONTO NORTH YORK,615S001,12-07-2022,2022,7,12,28.00,19.50,23.75,0.00,5.80,1.40,0.00,1.40,1
-79.47,43.78,TORONTO NORTH YORK,615S001,13-07-2022,2022,7,13,24.50,13.50,19.00,0.00,1.00,1.00,0.00,1.00,1
-79.47,43.78,TORONTO NORTH YORK,615S001,14-07-2022,2022,7,14,28.00,12.00,20.00,0.00,2.00,0.00,0.00,0.00,0
-79.47,43.78,TORONTO NORTH YORK,615S001,15-07-2022,2022,7,15,28.50,16.50,22.50,0.00,4.50,0.00,0.00,0.00,0
-79.47,43.78,TORONTO NORTH YORK,615S001,16-07-2022,2022,7,16,30.50,15.00,22.75,0.00,4.80,0.00,0.00,0.00,0
-79.47,43.78,TORONTO NORTH YORK,615S001,17-07-2022,2022,7,17,30.50,15.00,22.75,0.00,4.80,15.50,0.00,15.50,1
-79.47,43.78,TORONTO NORTH YORK,615S001,18-07-2022,2022,7,18,30.40,19.00,24.70,0.00,6.70,0.30,0.00,0.30,1
-79.47,43.78,TORONTO NORTH YORK,615S001,19-07-2022,2022,7,19,34.50,17.00,25.75,0.00,7.80,0.00,0.00,0.00,0
-79.47,43.78,TORONTO NORTH YORK,615S001,20-07-2022,2022,7,20,32.00,22.50,27.25,0.00,9.30,0.20,0.00,0.20,1
-79.47,43.78,TORONTO NORTH YORK,615S001,21-07-2022,2022,7,21,31.00,21.50,26.25,0.00,8.30,0.00,0.00,0.00,0
-79.47,43.78,TORONTO NORTH YORK,615S001,22-07-2022,2022,7,22,32.00,17.00,24.50,0.00,6.50,0.00,0.00,0.00,0
-79.47,43.78,TORONTO NORTH YORK,615S001,23-07-2022,2022,7,23,33.00,19.50,26.25,0.00,8.30,0.00,0.00,0.00,0
-79.47,43.78,TORONTO NORTH YORK,615S001,24-07-2022,2022,7,24,30.50,20.50,25.50,0.00,7.50,15.80,0.00,15.80,1
-79.47,43.78,TORONTO NORTH YORK,615S001,25-07-2022,2022,7,25,23.50,17.00,20.25,0.00,2.30,0.00,0.00,0.00,0
-79.47,43.78,TORONTO NORTH YORK,615S001,26-07-2022,2022,7,26,25.50,12.50,19.00,0.00,1.00,0.00,0.00,0.00,0
-79.47,43.78,TORONTO NORTH YORK,615S001,27-07-2022,2022,7,27,28.00,14.00,21.00,0.00,3.00,0.00,0.00,0.00,0
-79.47,43.78,TORONTO NORTH YORK,615S001,28-07-2022,2022,7,28,30.00,18.00,24.00,0.00,6.00,3.80,0.00,3.80,1
-79.47,43.78,TORONTO NORTH YORK,615S001,29-07-2022,2022,7,29,29.00,13.50,21.25,0.00,3.30,0.00,0.00,0.00,0
-79.47,43.78,TORONTO NORTH YORK,615S001,30-07-2022,2022,7,30,27.00,16.00,21.50,0.00,3.50,0.00,0.00,0.00,0
-79.47,43.78,TORONTO NORTH YORK,615S001,31-07-2022,2022,7,31,29.00,14.00,21.50,0.00,3.50,0.00,0.00,0.00,0
-79.47,43.78,TORONTO NORTH YORK,615S001,01-08-2022,2022,8,1,30.00,15.00,22.50,0.00,4.50,0.00,0.00,0.00,0
-79.47,43.78,TORONTO NORTH YORK,615S001,02-08-2022,2022,8,2,26.50,19.00,22.75,0.00,4.80,0.00,0.00,0.00,0
-79.47,43.78,TORONTO NORTH YORK,615S001,03-08-2022,2022,8,3,30.00,12.00,21.00,0.00,3.00,1.20,0.00,1.20,1
-79.47,43.78,TORONTO NORTH YORK,615S001,04-08-2022,2022,8,4,29.00,21.00,25.00,0.00,7.00,2.20,0.00,2.20,1
-79.47,43.78,TORONTO NORTH YORK,615S001,05-08-2022,2022,8,5,14.67,3.93,9.30,9.78,1.09,1.55,0.35,1.91,1
-79.47,43.78,TORONTO NORTH YORK,615S001,06-08-2022,2022,8,6,14.67,3.93,9.30,9.78,1.09,1.55,0.35,1.91,1
-79.47,43.78,TORONTO NORTH YORK,615S001,07-08-2022,2022,8,7,33.50,22.00,27.75,0.00,9.80,0.00,0.00,0.00,0
-79.47,43.78,TORONTO NORTH YORK,615S001,08-08-2022,2022,8,8,30.70,23.50,27.10,0.00,9.10,10.60,0.00,10.60,1
-79.47,43.78,TORONTO NORTH YORK,615S001,09-08-2022,2022,8,9,22.50,16.50,19.50,0.00,1.50,0.00,0.00,0.00,0
-79.47,43.78,TORONTO NORTH YORK,615S001,10-08-2022,2022,8,10,29.00,13.00,21.00,0.00,3.00,0.00,0.00,0.00,0
-79.47,43.78,TORONTO NORTH YORK,615S001,11-08-2022,2022,8,11,26.00,16.50,21.25,0.00,3.30,0.00,0.00,0.00,0
-79.47,43.78,TORONTO NORTH YORK,615S001,12-08-2022,2022,8,12,26.00,10.50,18.25,0.00,0.30,0.00,0.00,0.00,0
-79.47,43.78,TORONTO NORTH YORK,615S001,13-08-2022,2022,8,13,28.00,9.00,18.50,0.00,0.50,0.00,0.00,0.00,0
-79.47,43.78,TORONTO NORTH YORK,615S001,14-08-2022,2022,8,14,14.67,3.93,9.30,9.78,1.09,1.55,0.35,1.91,1
-79.47,43.78,TORONTO NORTH YORK,615S001,15-08-2022,2022,8,15,29.50,14.00,21.75,0.00,3.80,0.00,0.00,0.00,0
-79.47,43.78,TORONTO NORTH YORK,615S001,16-08-2022,2022,8,16,30.00,14.50,22.25,0.00,4.30,0.00,0.00,0.00,0
-79.47,43.78,TORONTO NORTH YORK,615S001,17-08-2022,2022,8,17,27.00,15.00,21.00,0.00,3.00,7.00,0.00,7.00,1
-79.47,43.78,TORONTO NORTH YORK,615S001,18-08-2022,2022,8,18,30.00,16.00,23.00,0.00,5.00,0.00,0.00,0.00,0
-79.47,43.78,TORONTO NORTH YORK,615S001,19-08-2022,2022,8,19,30.50,14.50,22.50,0.00,4.50,7.80,0.00,7.80,1
-79.47,43.78,TORONTO NORTH YORK,615S001,20-08-2022,2022,8,20,31.50,16.00,23.75,0.00,5.80,4.00,0.00,4.00,1
-79.47,43.78,TORONTO NORTH YORK,615S001,21-08-2022,2022,8,21,26.50,18.50,22.50,0.00,4.50,15.20,0.00,15.20,1
-79.47,43.78,TORONTO NORTH YORK,615S001,22-08-2022,2022,8,22,25.00,18.50,21.75,0.00,3.80,26.70,0.00,26.70,1
-79.47,43.78,TORONTO NORTH YORK,615S001,23-08-2022,2022,8,23,29.00,19.00,24.00,0.00,6.00,0.00,0.00,0.00,0
-79.47,43.78,TORONTO NORTH YORK,615S001,24-08-2022,2022,8,24,29.50,14.50,22.00,0.00,4.00,1.90,0.00,1.90,1
-79.47,43.78,TORONTO NORTH YORK,615S001,25-08-2022,2022,8,25,25.00,16.50,20.75,0.00,2.80,18.00,0.00,18.00,1
-79.47,43.78,TORONTO NORTH YORK,615S001,26-08-2022,2022,8,26,26.00,18.00,22.00,0.00,4.00,0.00,0.00,0.00,0
-79.47,43.78,TORONTO NORTH YORK,615S001,27-08-2022,2022,8,27,25.00,10.50,17.75,0.20,0.00,0.00,0.00,0.00,0
-79.47,43.78,TORONTO NORTH YORK,615S001,28-08-2022,2022,8,28,29.00,12.50,20.75,0.00,2.80,0.00,0.00,0.00,0
-79.47,43.78,TORONTO NORTH YORK,615S001,29-08-2022,2022,8,29,31.20,18.00,24.60,0.00,6.60,9.00,0.00,9.00,1
-79.47,43.78,TORONTO NORTH YORK,615S001,30-08-2022,2022,8,30,26.00,19.50,22.75,0.00,4.80,3.40,0.00,3.40,1
-79.47,43.78,TORONTO NORTH YORK,615S001,31-08-2022,2022,8,31,26.50,15.00,20.75,0.00,2.80,0.00,0.00,0.00,0
-79.47,43.78,TORONTO NORTH YORK,615S001,01-09-2022,2022,9,1,24.00,11.00,17.50,0.50,0.00,0.00,0.00,0.00,0
-79.47,43.78,TORONTO NORTH YORK,615S001,02-09-2022,2022,9,2,28.00,12.50,20.25,0.00,2.30,0.00,0.00,0.00,0
-79.47,43.78,TORONTO NORTH YORK,615S001,03-09-2022,2022,9,3,30.00,15.00,22.50,0.00,4.50,0.00,0.00,0.00,0
-79.47,43.78,TORONTO NORTH YORK,615S001,04-09-2022,2022,9,4,17.00,16.00,16.50,1.50,0.00,0.00,0.00,0.00,0
-79.47,43.78,TORONTO NORTH YORK,615S001,05-09-2022,2022,9,5,21.50,15.50,18.50,0.00,0.50,0.00,0.00,0.00,0
-79.47,43.78,TORONTO NORTH YORK,615S001,06-09-2022,2022,9,6,25.00,14.00,19.50,0.00,1.50,0.00,0.00,0.00,0
-79.47,43.78,TORONTO NORTH YORK,615S001,07-09-2022,2022,9,7,25.00,14.50,19.75,0.00,1.80,0.20,0.00,0.20,1
-79.47,43.78,TORONTO NORTH YORK,615S001,08-09-2022,2022,9,8,27.50,13.00,20.25,0.00,2.30,0.00,0.00,0.00,0
-79.47,43.78,TORONTO NORTH YORK,615S001,09-09-2022,2022,9,9,27.50,12.00,19.75,0.00,1.80,0.00,0.00,0.00,0
-79.47,43.78,TORONTO NORTH YORK,615S001,10-09-2022,2022,9,10,29.00,15.50,22.25,0.00,4.30,0.00,0.00,0.00,0
-79.47,43.78,TORONTO NORTH YORK,615S001,11-09-2022,2022,9,11,25.00,17.00,21.00,0.00,3.00,2.00,0.00,2.00,1
-79.47,43.78,TORONTO NORTH YORK,615S001,12-09-2022,2022,9,12,23.00,19.00,21.00,0.00,3.00,2.10,0.00,2.10,1
-79.47,43.78,TORONTO NORTH YORK,615S001,13-09-2022,2022,9,13,21.50,11.00,16.25,1.70,0.00,0.00,0.00,0.00,0
-79.47,43.78,TORONTO NORTH YORK,615S001,14-09-2022,2022,9,14,25.00,11.50,18.25,0.00,0.30,0.00,0.00,0.00,0
-79.47,43.78,TORONTO NORTH YORK,615S001,15-09-2022,2022,9,15,20.50,6.00,13.25,4.70,0.00,0.00,0.00,0.00,0
-79.47,43.78,TORONTO NORTH YORK,615S001,16-09-2022,2022,9,16,23.50,8.50,16.00,2.00,0.00,0.00,0.00,0.00,0
-79.47,43.78,TORONTO NORTH YORK,615S001,17-09-2022,2022,9,17,26.00,11.50,18.75,0.00,0.80,1.60,0.00,1.60,1
-79.47,43.78,TORONTO NORTH YORK,615S001,18-09-2022,2022,9,18,27.00,16.50,21.75,0.00,3.80,1.00,0.00,1.00,1
-79.47,43.78,TORONTO NORTH YORK,615S001,19-09-2022,2022,9,19,27.50,18.00,22.75,0.00,4.80,7.00,0.00,7.00,1
-79.47,43.78,TORONTO NORTH YORK,615S001,20-09-2022,2022,9,20,25.50,13.00,19.25,0.00,1.30,0.00,0.00,0.00,0
-79.47,43.78,TORONTO NORTH YORK,615S001,21-09-2022,2022,9,21,29.00,12.00,20.50,0.00,2.50,0.00,0.00,0.00,0
-79.47,43.78,TORONTO NORTH YORK,615S001,22-09-2022,2022,9,22,15.50,12.50,14.00,4.00,0.00,1.00,0.00,1.00,1
-79.47,43.78,TORONTO NORTH YORK,615S001,23-09-2022,2022,9,23,16.00,5.00,10.50,7.50,0.00,0.00,0.00,0.00,0
-79.47,43.78,TORONTO NORTH YORK,615S001,24-09-2022,2022,9,24,19.50,4.50,12.00,6.00,0.00,2.00,0.00,2.00,1
-79.47,43.78,TORONTO NORTH YORK,615S001,25-09-2022,2022,9,25,20.00,12.00,16.00,2.00,0.00,15.20,0.00,15.20,1
-79.47,43.78,TORONTO NORTH YORK,615S001,26-09-2022,2022,9,26,17.00,10.50,13.75,4.20,0.00,5.80,0.00,5.80,1
-79.47,43.78,TORONTO NORTH YORK,615S001,27-09-2022,2022,9,27,17.00,11.50,14.25,3.70,0.00,9.20,0.00,9.20,1
-79.47,43.78,TORONTO NORTH YORK,615S001,28-09-2022,2022,9,28,14.00,10.50,12.25,5.70,0.00,0.00,0.00,0.00,0
-79.47,43.78,TORONTO NORTH YORK,615S001,29-09-2022,2022,9,29,17.00,5.50,11.25,6.70,0.00,0.00,0.00,0.00,0
-79.47,43.78,TORONTO NORTH YORK,615S001,30-09-2022,2022,9,30,14.67,3.93,9.30,9.78,1.09,1.55,0.35,1.91,1
-79.47,43.78,TORONTO NORTH YORK,615S001,01-10-2022,2022,10,1,14.67,3.93,9.30,9.78,1.09,1.55,0.35,1.91,1
-79.47,43.78,TORONTO NORTH YORK,615S001,02-10-2022,2022,10,2,16.50,4.00,10.25,7.70,0.00,0.00,0.00,0.00,0
-79.47,43.78,TORONTO NORTH YORK,615S001,03-10-2022,2022,10,3,18.00,0.00,9.00,9.00,0.00,0.00,0.00,0.00,0
-79.47,43.78,TORONTO NORTH YORK,615S001,04-10-2022,2022,10,4,19.50,2.50,11.00,7.00,0.00,0.00,0.00,0.00,0
-79.47,43.78,TORONTO NORTH YORK,615S001,05-10-2022,2022,10,5,24.00,5.00,14.50,3.50,0.00,0.00,0.00,0.00,0
-79.47,43.78,TORONTO NORTH YORK,615S001,06-10-2022,2022,10,6,23.00,9.00,16.00,2.00,0.00,0.40,0.00,0.40,1
-79.47,43.78,TORONTO NORTH YORK,615S001,07-10-2022,2022,10,7,11.50,7.00,9.25,8.70,0.00,0.00,0.00,0.00,0
-79.47,43.78,TORONTO NORTH YORK,615S001,08-10-2022,2022,10,8,11.50,1.00,6.25,11.70,0.00,0.00,0.00,0.00,0
-79.47,43.78,TORONTO NORTH YORK,615S001,09-10-2022,2022,10,9,15.00,6.00,10.50,7.50,0.00,0.00,0.00,0.00,0
-79.47,43.78,TORONTO NORTH YORK,615S001,10-10-2022,2022,10,10,14.67,3.93,9.30,9.78,1.09,1.55,0.35,1.91,1
-79.47,43.78,TORONTO NORTH YORK,615S001,11-10-2022,2022,10,11,19.00,2.00,10.50,7.50,0.00,0.00,0.00,0.00,0
-79.47,43.78,TORONTO NORTH YORK,615S001,12-10-2022,2022,10,12,18.50,10.00,14.25,3.70,0.00,17.00,0.00,17.00,1
-79.47,43.78,TORONTO NORTH YORK,615S001,13-10-2022,2022,10,13,14.50,11.00,12.75,5.20,0.00,0.60,0.00,0.60,1
-79.47,43.78,TORONTO NORTH YORK,615S001,14-10-2022,2022,10,14,14.00,3.00,8.50,9.50,0.00,0.60,0.00,0.60,1
-79.47,43.78,TORONTO NORTH YORK,615S001,15-10-2022,2022,10,15,13.50,4.50,9.00,9.00,0.00,2.00,0.00,2.00,1
-79.47,43.78,TORONTO NORTH YORK,615S001,16-10-2022,2022,10,16,16.00,5.00,10.50,7.50,0.00,0.00,0.00,0.00,0
-79.47,43.78,TORONTO NORTH YORK,615S001,17-10-2022,2022,10,17,10.50,7.00,8.75,9.20,0.00,0.60,0.00,0.60,1
-79.47,43.78,TORONTO NORTH YORK,615S001,18-10-2022,2022,10,18,8.50,1.00,4.75,13.20,0.00,3.70,0.00,3.70,1
-79.47,43.78,TORONTO NORTH YORK,615S001,19-10-2022,2022,10,19,10.00,3.00,6.50,11.50,0.00,2.20,0.00,2.20,1
-79.47,43.78,TORONTO NORTH YORK,615S001,20-10-2022,2022,10,20,7.50,3.00,5.25,12.70,0.00,0.00,0.00,0.00,0
-79.47,43.78,TORONTO NORTH YORK,615S001,21-10-2022,2022,10,21,16.50,-2.00,7.25,10.70,0.00,0.00,0.00,0.00,0
-79.47,43.78,TORONTO NORTH YORK,615S001,22-10-2022,2022,10,22,20.50,6.50,13.50,4.50,0.00,0.00,0.00,0.00,0
-79.47,43.78,TORONTO NORTH YORK,615S001,23-10-2022,2022,10,23,21.00,4.00,12.50,5.50,0.00,0.00,0.00,0.00,0
-79.47,43.78,TORONTO NORTH YORK,615S001,24-10-2022,2022,10,24,14.67,3.93,9.30,9.78,1.09,1.55,0.35,1.91,1
-79.47,43.78,TORONTO NORTH YORK,615S001,25-10-2022,2022,10,25,18.50,7.50,13.00,5.00,0.00,0.00,0.00,0.00,0
-79.47,43.78,TORONTO NORTH YORK,615S001,26-10-2022,2022,10,26,15.50,8.00,11.75,6.20,0.00,7.80,0.00,7.80,1
-79.47,43.78,TORONTO NORTH YORK,615S001,27-10-2022,2022,10,27,10.50,1.00,5.75,12.20,0.00,0.00,0.00,0.00,0
-79.47,43.78,TORONTO NORTH YORK,615S001,28-10-2022,2022,10,28,10.50,-1.00,4.75,13.20,0.00,0.00,0.00,0.00,0
-79.47,43.78,TORONTO NORTH YORK,615S001,29-10-2022,2022,10,29,17.00,-2.00,7.50,10.50,0.00,0.00,0.00,0.00,0
-79.47,43.78,TORONTO NORTH YORK,615S001,30-10-2022,2022,10,30,16.00,-0.50,7.75,10.20,0.00,0.00,0.00,0.00,0
-79.47,43.78,TORONTO NORTH YORK,615S001,31-10-2022,2022,10,31,12.00,3.50,7.75,10.20,0.00,4.00,0.00,4.00,1
-79.47,43.78,TORONTO NORTH YORK,615S001,01-11-2022,2022,11,1,20.00,10.00,15.00,3.00,0.00,0.00,0.00,0.00,0
-79.47,43.78,TORONTO NORTH YORK,615S001,02-11-2022,2022,11,2,16.50,2.50,9.50,8.50,0.00,0.00,0.00,0.00,0
-79.47,43.78,TORONTO NORTH YORK,615S001,03-11-2022,2022,11,3,10.00,5.50,7.75,10.20,0.00,0.00,0.00,0.00,0
-79.47,43.78,TORONTO NORTH YORK,615S001,04-11-2022,2022,11,4,20.00,5.00,12.50,5.50,0.00,0.00,0.00,0.00,0
-79.47,43.78,TORONTO NORTH YORK,615S001,05-11-2022,2022,11,5,24.50,12.00,18.25,0.00,0.30,5.40,0.00,5.40,1
-79.47,43.78,TORONTO NORTH YORK,615S001,06-11-2022,2022,11,6,18.00,13.00,15.50,2.50,0.00,0.00,0.00,0.00,0
-79.47,43.78,TORONTO NORTH YORK,615S001,07-11-2022,2022,11,7,13.00,8.00,10.50,7.50,0.00,0.00,0.00,0.00,0
-79.47,43.78,TORONTO NORTH YORK,615S001,08-11-2022,2022,11,8,10.00,1.00,5.50,12.50,0.00,0.00,0.00,0.00,0
-79.47,43.78,TORONTO NORTH YORK,615S001,09-11-2022,2022,11,9,15.50,-2.00,6.75,11.20,0.00,0.00,0.00,0.00,0
-79.47,43.78,TORONTO NORTH YORK,615S001,10-11-2022,2022,11,10,21.50,2.00,11.75,6.20,0.00,0.00,0.00,0.00,0
-79.47,43.78,TORONTO NORTH YORK,615S001,11-11-2022,2022,11,11,14.00,7.00,10.50,7.50,0.00,9.60,0.00,9.60,1
-79.47,43.78,TORONTO NORTH YORK,615S001,12-11-2022,2022,11,12,9.00,5.00,7.00,11.00,0.00,1.00,0.00,1.00,1
-79.47,43.78,TORONTO NORTH YORK,615S001,13-11-2022,2022,11,13,4.00,0.00,2.00,16.00,0.00,0.00,0.00,0.00,0
-79.47,43.78,TORONTO NORTH YORK,615S001,14-11-2022,2022,11,14,3.00,-2.50,0.25,17.70,0.00,0.00,0.00,0.00,0
-79.47,43.78,TORONTO NORTH YORK,615S001,15-11-2022,2022,11,15,1.00,-5.00,-2.00,20.00,0.00,0.00,8.00,8.00,1
-79.47,43.78,TORONTO NORTH YORK,615S001,16-11-2022,2022,11,16,1.00,-3.50,-1.25,19.30,0.00,0.00,0.00,0.00,0
-79.47,43.78,TORONTO NORTH YORK,615S001,17-11-2022,2022,11,17,1.00,-4.00,-1.50,19.50,0.00,0.00,0.00,0.00,0
-79.47,43.78,TORONTO NORTH YORK,615S001,18-11-2022,2022,11,18,2.00,-2.50,-0.25,18.30,0.00,0.00,0.00,0.00,0
-79.47,43.78,TORONTO NORTH YORK,615S001,19-11-2022,2022,11,19,14.67,3.93,9.30,9.78,1.09,1.55,0.35,1.91,1
-79.47,43.78,TORONTO NORTH YORK,615S001,20-11-2022,2022,11,20,14.67,3.93,9.30,9.78,1.09,1.55,0.35,1.91,1
-79.47,43.78,TORONTO NORTH YORK,615S001,21-11-2022,2022,11,21,7.50,-7.00,0.25,17.70,0.00,0.00,0.00,0.00,0
-79.47,43.78,TORONTO NORTH YORK,615S001,22-11-2022,2022,11,22,6.50,-5.50,0.50,17.50,0.00,0.00,0.00,0.00,0
-79.47,43.78,TORONTO NORTH YORK,615S001,23-11-2022,2022,11,23,8.00,-4.00,2.00,16.00,0.00,0.00,0.00,0.00,0
-79.47,43.78,TORONTO NORTH YORK,615S001,24-11-2022,2022,11,24,10.00,-3.50,3.25,14.70,0.00,1.20,0.00,1.20,1
-79.47,43.78,TORONTO NORTH YORK,615S001,25-11-2022,2022,11,25,7.00,1.50,4.25,13.70,0.00,0.00,0.00,0.00,0
-79.47,43.78,TORONTO NORTH YORK,615S001,26-11-2022,2022,11,26,13.50,-0.50,6.50,11.50,0.00,0.00,0.00,0.00,0
-79.47,43.78,TORONTO NORTH YORK,615S001,27-11-2022,2022,11,27,5.50,1.00,3.25,14.70,0.00,8.60,0.00,8.60,1
-79.47,43.78,TORONTO NORTH YORK,615S001,28-11-2022,2022,11,28,2.50,0.00,1.25,16.70,0.00,0.00,0.00,0.00,0
-79.47,43.78,TORONTO NORTH YORK,615S001,29-11-2022,2022,11,29,7.00,-1.50,2.75,15.20,0.00,10.80,0.00,10.80,1
-79.47,43.78,TORONTO NORTH YORK,615S001,30-11-2022,2022,11,30,9.00,0.00,4.50,13.50,0.00,8.20,0.00,8.20,1
-79.47,43.78,TORONTO NORTH YORK,615S001,01-12-2022,2022,12,1,1.50,-2.50,-0.50,18.50,0.00,0.00,0.00,0.00,0
-79.47,43.78,TORONTO NORTH YORK,615S001,02-12-2022,2022,12,2,10.00,-5.50,2.25,15.70,0.00,4.30,0.00,4.30,1
-79.47,43.78,TORONTO NORTH YORK,615S001,03-12-2022,2022,12,3,10.00,1.50,5.75,12.20,0.00,5.20,0.00,5.20,1
-79.47,43.78,TORONTO NORTH YORK,615S001,04-12-2022,2022,12,4,3.50,-3.50,0.00,18.00,0.00,0.00,0.00,0.00,0
-79.47,43.78,TORONTO NORTH YORK,615S001,05-12-2022,2022,12,5,6.00,-1.50,2.25,15.70,0.00,0.60,0.00,0.60,1
-79.47,43.78,TORONTO NORTH YORK,615S001,06-12-2022,2022,12,6,7.00,2.00,4.50,13.50,0.00,0.00,0.00,0.00,0
-79.47,43.78,TORONTO NORTH YORK,615S001,07-12-2022,2022,12,7,8.00,4.00,6.00,12.00,0.00,0.00,0.00,0.00,0
-79.47,43.78,TORONTO NORTH YORK,615S001,08-12-2022,2022,12,8,4.50,1.50,3.00,15.00,0.00,0.00,0.00,0.00,0
-79.47,43.78,TORONTO NORTH YORK,615S001,09-12-2022,2022,12,9,1.00,-2.50,-0.75,18.80,0.00,0.00,0.00,0.00,0
-79.47,43.78,TORONTO NORTH YORK,615S001,10-12-2022,2022,12,10,-1.50,-6.50,-4.00,22.00,0.00,0.00,2.00,2.00,1
-79.47,43.78,TORONTO NORTH YORK,615S001,11-12-2022,2022,12,11,-1.00,-4.50,-2.75,20.80,0.00,0.00,1.60,1.60,1
-79.47,43.78,TORONTO NORTH YORK,615S001,12-12-2022,2022,12,12,-2.00,-5.00,-3.50,21.50,0.00,0.00,0.00,0.00,0
-79.47,43.78,TORONTO NORTH YORK,615S001,13-12-2022,2022,12,13,0.50,-11.50,-5.50,23.50,0.00,0.00,0.00,0.00,0
-79.47,43.78,TORONTO NORTH YORK,615S001,14-12-2022,2022,12,14,1.50,-8.50,-3.50,21.50,0.00,0.00,0.00,0.00,0
-79.47,43.78,TORONTO NORTH YORK,615S001,15-12-2022,2022,12,15,2.00,-6.00,-2.00,20.00,0.00,0.00,5.00,5.00,1
-79.47,43.78,TORONTO NORTH YORK,615S001,16-12-2022,2022,12,16,4.50,0.00,2.25,15.70,0.00,0.00,0.50,0.50,1
-79.47,43.78,TORONTO NORTH YORK,615S001,17-12-2022,2022,12,17,1.00,-4.00,-1.50,19.50,0.00,0.00,0.00,0.00,0
-79.47,43.78,TORONTO NORTH YORK,615S001,18-12-2022,2022,12,18,14.67,3.93,9.30,9.78,1.09,1.55,0.35,1.91,1
-79.47,43.78,TORONTO NORTH YORK,615S001,19-12-2022,2022,12,19,0.50,-3.00,-1.25,19.30,0.00,0.00,0.00,0.00,0
-79.47,43.78,TORONTO NORTH YORK,615S001,20-12-2022,2022,12,20,0.00,-3.00,-1.50,19.50,0.00,0.00,0.00,0.00,0
-79.47,43.78,TORONTO NORTH YORK,615S001,21-12-2022,2022,12,21,0.50,-6.50,-3.00,21.00,0.00,0.00,0.00,0.00,0
-79.47,43.78,TORONTO NORTH YORK,615S001,22-12-2022,2022,12,22,4.00,-5.00,-0.50,18.50,0.00,29.60,0.00,29.60,1
-79.47,43.78,TORONTO NORTH YORK,615S001,23-12-2022,2022,12,23,2.00,-13.00,-5.50,23.50,0.00,0.00,3.00,3.00,1
-79.47,43.78,TORONTO NORTH YORK,615S001,24-12-2022,2022,12,24,-7.50,-14.50,-11.00,29.00,0.00,0.00,0.00,0.00,0
-79.47,43.78,TORONTO NORTH YORK,615S001,25-12-2022,2022,12,25,14.67,3.93,9.30,9.78,1.09,1.55,0.35,1.91,1
-79.47,43.78,TORONTO NORTH YORK,615S001,26-12-2022,2022,12,26,14.67,3.93,9.30,9.78,1.09,1.55,0.35,1.91,1
-79.47,43.78,TORONTO NORTH YORK,615S001,27-12-2022,2022,12,27,0.50,-6.50,-3.00,21.00,0.00,0.00,0.00,0.00,0
-79.47,43.78,TORONTO NORTH YORK,615S001,28-12-2022,2022,12,28,4.00,-4.50,-0.25,18.30,0.00,0.00,0.00,0.00,0
-79.47,43.78,TORONTO NORTH YORK,615S001,29-12-2022,2022,12,29,14.67,3.93,9.30,9.78,1.09,1.55,0.35,1.91,1
-79.47,43.78,TORONTO NORTH YORK,615S001,30-12-2022,2022,12,30,14.67,3.93,9.30,9.78,1.09,1.55,0.35,1.91,1
-79.47,43.78,TORONTO NORTH YORK,615S001,31-12-2022,2022,12,31,14.67,3.93,9.30,9.78,1.09,1.55,0.35,1.91,1
-79.47,43.78,TORONTO NORTH YORK,615S001,01-01-2023,2023,1,1,5.00,4.00,4.50,13.50,0.00,2.40,0.00,2.40,1
-79.47,43.78,TORONTO NORTH YORK,615S001,02-01-2023,2023,1,2,5.00,2.00,3.50,14.50,0.00,0.00,0.00,0.00,0
-79.47,43.78,TORONTO NORTH YORK,615S001,03-01-2023,2023,1,3,4.00,-2.00,1.00,17.00,0.00,6.60,0.00,6.60,1
-79.47,43.78,TORONTO NORTH YORK,615S001,04-01-2023,2023,1,4,14.72,5.03,9.88,8.96,0.83,2.28,0.32,2.61,1
-79.47,43.78,TORONTO NORTH YORK,615S001,05-01-2023,2023,1,5,14.72,5.03,9.88,8.96,0.83,2.28,0.32,2.61,1
-79.47,43.78,TORONTO NORTH YORK,615S001,06-01-2023,2023,1,6,4.50,1.00,2.75,15.20,0.00,0.00,0.00,0.00,0
-79.47,43.78,TORONTO NORTH YORK,615S001,07-01-2023,2023,1,7,1.50,-0.50,0.50,17.50,0.00,0.00,0.00,0.00,0
-79.47,43.78,TORONTO NORTH YORK,615S001,08-01-2023,2023,1,8,-2.00,-7.00,-4.50,22.50,0.00,0.00,0.00,0.00,0
-79.47,43.78,TORONTO NORTH YORK,615S001,09-01-2023,2023,1,9,1.50,-4.00,-1.25,19.30,0.00,0.00,0.00,0.00,0
-79.47,43.78,TORONTO NORTH YORK,615S001,10-01-2023,2023,1,10,-0.50,-2.00,-1.25,19.30,0.00,0.00,0.00,0.00,0
-79.47,43.78,TORONTO NORTH YORK,615S001,11-01-2023,2023,1,11,2.50,-7.50,-2.50,20.50,0.00,2.40,0.00,2.40,1
-79.47,43.78,TORONTO NORTH YORK,615S001,12-01-2023,2023,1,12,3.50,-2.00,0.75,17.20,0.00,3.80,5.00,8.80,1
-79.47,43.78,TORONTO NORTH YORK,615S001,13-01-2023,2023,1,13,-4.00,-5.00,-4.50,22.50,0.00,0.00,0.40,0.40,1
-79.47,43.78,TORONTO NORTH YORK,615S001,14-01-2023,2023,1,14,-3.50,-11.50,-7.50,25.50,0.00,0.00,0.00,0.00,0
-79.47,43.78,TORONTO NORTH YORK,615S001,15-01-2023,2023,1,15,0.50,-13.00,-6.25,24.30,0.00,0.00,0.00,0.00,0
-79.47,43.78,TORONTO NORTH YORK,615S001,16-01-2023,2023,1,16,2.00,-9.50,-3.75,21.80,0.00,2.40,0.00,2.40,1
-79.47,43.78,TORONTO NORTH YORK,615S001,17-01-2023,2023,1,17,4.50,-4.00,0.25,17.70,0.00,5.40,0.00,5.40,1
-79.47,43.78,TORONTO NORTH YORK,615S001,18-01-2023,2023,1,18,5.50,1.00,3.25,14.70,0.00,0.00,0.00,0.00,0
-79.47,43.78,TORONTO NORTH YORK,615S001,19-01-2023,2023,1,19,3.00,-0.50,1.25,16.70,0.00,4.80,0.00,4.80,1
-79.47,43.78,TORONTO NORTH YORK,615S001,20-01-2023,2023,1,20,2.00,-1.00,0.50,17.50,0.00,0.00,0.00,0.00,0
-79.47,43.78,TORONTO NORTH YORK,615S001,21-01-2023,2023,1,21,14.72,5.03,9.88,8.96,0.83,2.28,0.32,2.61,1
-79.47,43.78,TORONTO NORTH YORK,615S001,22-01-2023,2023,1,22,1.50,-2.00,-0.25,18.30,0.00,0.00,2.50,2.50,1
-79.47,43.78,TORONTO NORTH YORK,615S001,23-01-2023,2023,1,23,2.00,-4.00,-1.00,19.00,0.00,0.00,0.00,0.00,0
-79.47,43.78,TORONTO NORTH YORK,615S001,24-01-2023,2023,1,24,2.00,-2.00,0.00,18.00,0.00,0.00,0.00,0.00,0
-79.47,43.78,TORONTO NORTH YORK,615S001,25-01-2023,2023,1,25,1.00,-5.00,-2.00,20.00,0.00,0.00,20.50,20.50,1
-79.47,43.78,TORONTO NORTH YORK,615S001,26-01-2023,2023,1,26,0.00,-5.50,-2.75,20.80,0.00,0.00,1.00,1.00,1
-79.47,43.78,TORONTO NORTH YORK,615S001,27-01-2023,2023,1,27,2.00,-4.00,-1.00,19.00,0.00,0.00,0.50,0.50,1
-79.47,43.78,TORONTO NORTH YORK,615S001,28-01-2023,2023,1,28,0.00,-3.00,-1.50,19.50,0.00,0.00,4.00,4.00,1
-79.47,43.78,TORONTO NORTH YORK,615S001,29-01-2023,2023,1,29,14.72,5.03,9.88,8.96,0.83,2.28,0.32,2.61,1
-79.47,43.78,TORONTO NORTH YORK,615S001,30-01-2023,2023,1,30,-2.50,-12.50,-7.50,25.50,0.00,0.00,0.00,0.00,0
-79.47,43.78,TORONTO NORTH YORK,615S001,31-01-2023,2023,1,31,-4.50,-10.50,-7.50,25.50,0.00,0.00,0.00,0.00,0
-79.47,43.78,TORONTO NORTH YORK,615S001,01-02-2023,2023,2,1,-4.50,-17.50,-11.00,29.00,0.00,0.00,0.00,0.00,0
-79.47,43.78,TORONTO NORTH YORK,615S001,02-02-2023,2023,2,2,2.00,-7.50,-2.75,20.80,0.00,0.00,0.00,0.00,0
-79.47,43.78,TORONTO NORTH YORK,615S001,03-02-2023,2023,2,3,-15.50,-20.00,-17.75,35.80,0.00,0.00,0.00,0.00,0
-79.47,43.78,TORONTO NORTH YORK,615S001,04-02-2023,2023,2,4,1.00,-25.00,-12.00,30.00,0.00,0.00,4.00,4.00,1
-79.47,43.78,TORONTO NORTH YORK,615S001,05-02-2023,2023,2,5,4.50,-6.50,-1.00,19.00,0.00,0.00,0.00,0.00,0
-79.47,43.78,TORONTO NORTH YORK,615S001,06-02-2023,2023,2,6,0.00,-4.00,-2.00,20.00,0.00,0.00,0.00,0.00,0
-79.47,43.78,TORONTO NORTH YORK,615S001,07-02-2023,2023,2,7,8.00,-7.00,0.50,17.50,0.00,0.20,0.00,0.20,1
-79.47,43.78,TORONTO NORTH YORK,615S001,08-02-2023,2023,2,8,7.50,2.00,4.75,13.20,0.00,3.60,0.00,3.60,1
-79.47,43.78,TORONTO NORTH YORK,615S001,09-02-2023,2023,2,9,6.00,-3.00,1.50,16.50,0.00,27.40,0.00,27.40,1
-79.47,43.78,TORONTO NORTH YORK,615S001,10-02-2023,2023,2,10,4.00,0.50,2.25,15.70,0.00,0.00,0.00,0.00,0
-79.47,43.78,TORONTO NORTH YORK,615S001,11-02-2023,2023,2,11,3.00,-5.50,-1.25,19.30,0.00,0.00,0.00,0.00,0
-79.47,43.78,TORONTO NORTH YORK,615S001,12-02-2023,2023,2,12,8.50,-4.50,2.00,16.00,0.00,0.00,0.00,0.00,0
-79.47,43.78,TORONTO NORTH YORK,615S001,13-02-2023,2023,2,13,9.50,-3.00,3.25,14.70,0.00,0.00,0.00,0.00,0
-79.47,43.78,TORONTO NORTH YORK,615S001,14-02-2023,2023,2,14,10.00,-4.00,3.00,15.00,0.00,0.00,0.00,0.00,0
-79.47,43.78,TORONTO NORTH YORK,615S001,15-02-2023,2023,2,15,15.00,1.00,8.00,10.00,0.00,0.00,0.00,0.00,0
-79.47,43.78,TORONTO NORTH YORK,615S001,16-02-2023,2023,2,16,2.00,-0.50,0.75,17.20,0.00,9.30,0.00,9.30,1
-79.47,43.78,TORONTO NORTH YORK,615S001,17-02-2023,2023,2,17,-4.50,-8.00,-6.25,24.30,0.00,0.00,0.00,0.00,0
-79.47,43.78,TORONTO NORTH YORK,615S001,18-02-2023,2023,2,18,2.00,-10.00,-4.00,22.00,0.00,0.00,0.00,0.00,0
-79.47,43.78,TORONTO NORTH YORK,615S001,19-02-2023,2023,2,19,10.00,-5.00,2.50,15.50,0.00,0.00,0.00,0.00,0
-79.47,43.78,TORONTO NORTH YORK,615S001,20-02-2023,2023,2,20,5.50,1.50,3.50,14.50,0.00,0.00,0.00,0.00,0
-79.47,43.78,TORONTO NORTH YORK,615S001,21-02-2023,2023,2,21,5.50,-5.00,0.25,17.70,0.00,0.00,0.00,0.00,0
-79.47,43.78,TORONTO NORTH YORK,615S001,22-02-2023,2023,2,22,-2.50,-4.50,-3.50,21.50,0.00,0.00,16.00,16.00,1
-79.47,43.78,TORONTO NORTH YORK,615S001,23-02-2023,2023,2,23,-5.00,-9.00,-7.00,25.00,0.00,0.00,0.20,0.20,1
-79.47,43.78,TORONTO NORTH YORK,615S001,24-02-2023,2023,2,24,-7.00,-10.00,-8.50,26.50,0.00,0.00,1.50,1.50,1
-79.47,43.78,TORONTO NORTH YORK,615S001,25-02-2023,2023,2,25,0.50,-11.00,-5.25,23.30,0.00,0.00,0.00,0.00,0
-79.47,43.78,TORONTO NORTH YORK,615S001,26-02-2023,2023,2,26,3.00,-5.50,-1.25,19.30,0.00,0.00,0.00,0.00,0
-79.47,43.78,TORONTO NORTH YORK,615S001,27-02-2023,2023,2,27,0.50,-9.50,-4.50,22.50,0.00,0.00,6.00,6.00,1
-79.47,43.78,TORONTO NORTH YORK,615S001,28-02-2023,2023,2,28,2.00,-4.00,-1.00,19.00,0.00,0.00,0.00,0.00,0
-79.47,43.78,TORONTO NORTH YORK,615S001,01-03-2023,2023,3,1,3.00,-5.00,-1.00,19.00,0.00,0.00,0.00,0.00,0
-79.47,43.78,TORONTO NORTH YORK,615S001,02-03-2023,2023,3,2,4.50,-2.00,1.25,16.70,0.00,0.00,0.00,0.00,0
-79.47,43.78,TORONTO NORTH YORK,615S001,03-03-2023,2023,3,3,1.00,-6.50,-2.75,20.80,0.00,0.00,29.00,29.00,1
-79.47,43.78,TORONTO NORTH YORK,615S001,04-03-2023,2023,3,4,6.50,-3.50,1.50,16.50,0.00,0.00,0.50,0.50,1
-79.47,43.78,TORONTO NORTH YORK,615S001,05-03-2023,2023,3,5,6.00,-1.50,2.25,15.70,0.00,0.00,0.00,0.00,0
-79.47,43.78,TORONTO NORTH YORK,615S001,06-03-2023,2023,3,6,4.00,-5.00,-0.50,18.50,0.00,0.00,0.00,0.00,0
-79.47,43.78,TORONTO NORTH YORK,615S001,07-03-2023,2023,3,7,1.70,-3.50,-0.90,18.90,0.00,0.00,0.00,0.00,0
-79.47,43.78,TORONTO NORTH YORK,615S001,08-03-2023,2023,3,8,3.00,-3.50,-0.25,18.30,0.00,0.00,0.00,0.00,0
-79.47,43.78,TORONTO NORTH YORK,615S001,09-03-2023,2023,3,9,4.50,-4.50,0.00,18.00,0.00,0.00,0.00,0.00,0
-79.47,43.78,TORONTO NORTH YORK,615S001,10-03-2023,2023,3,10,0.00,-4.50,-2.25,20.30,0.00,0.00,7.00,7.00,1
-79.47,43.78,TORONTO NORTH YORK,615S001,11-03-2023,2023,3,11,0.50,-4.00,-1.75,19.80,0.00,0.00,0.00,0.00,0
-79.47,43.78,TORONTO NORTH YORK,615S001,12-03-2023,2023,3,12,14.72,5.03,9.88,8.96,0.83,2.28,0.32,2.61,1
-79.47,43.78,TORONTO NORTH YORK,615S001,13-03-2023,2023,3,13,2.00,-3.00,-0.50,18.50,0.00,0.00,0.00,0.00,0
-79.47,43.78,TORONTO NORTH YORK,615S001,14-03-2023,2023,3,14,-1.50,-6.00,-3.75,21.80,0.00,0.00,0.00,0.00,0
-79.47,43.78,TORONTO NORTH YORK,615S001,15-03-2023,2023,3,15,6.00,-6.00,0.00,18.00,0.00,0.00,0.00,0.00,0
-79.47,43.78,TORONTO NORTH YORK,615S001,16-03-2023,2023,3,16,11.00,-2.00,4.50,13.50,0.00,6.40,0.00,6.40,1
-79.47,43.78,TORONTO NORTH YORK,615S001,17-03-2023,2023,3,17,8.00,2.00,5.00,13.00,0.00,2.40,0.00,2.40,1
-79.47,43.78,TORONTO NORTH YORK,615S001,18-03-2023,2023,3,18,0.50,-4.00,-1.75,19.80,0.00,0.00,1.00,1.00,1
-79.47,43.78,TORONTO NORTH YORK,615S001,19-03-2023,2023,3,19,1.00,-9.00,-4.00,22.00,0.00,0.00,0.00,0.00,0
-79.47,43.78,TORONTO NORTH YORK,615S001,20-03-2023,2023,3,20,7.00,-3.00,2.00,16.00,0.00,0.00,0.00,0.00,0
-79.47,43.78,TORONTO NORTH YORK,615S001,21-03-2023,2023,3,21,10.00,3.00,6.50,11.50,0.00,0.00,0.00,0.00,0
-79.47,43.78,TORONTO NORTH YORK,615S001,22-03-2023,2023,3,22,7.00,-1.00,3.00,15.00,0.00,2.40,0.00,2.40,1
-79.47,43.78,TORONTO NORTH YORK,615S001,23-03-2023,2023,3,23,8.50,3.50,6.00,12.00,0.00,4.80,0.00,4.80,1
-79.47,43.78,TORONTO NORTH YORK,615S001,24-03-2023,2023,3,24,6.50,-2.00,2.25,15.70,0.00,0.00,0.00,0.00,0
-79.47,43.78,TORONTO NORTH YORK,615S001,25-03-2023,2023,3,25,9.00,-1.50,3.75,14.20,0.00,20.20,0.00,20.20,1
-79.47,43.78,TORONTO NORTH YORK,615S001,26-03-2023,2023,3,26,10.00,1.00,5.50,12.50,0.00,0.40,0.00,0.40,1
-79.47,43.78,TORONTO NORTH YORK,615S001,27-03-2023,2023,3,27,5.50,-1.00,2.25,15.70,0.00,1.40,0.00,1.40,1
-79.47,43.78,TORONTO NORTH YORK,615S001,28-03-2023,2023,3,28,8.50,-0.50,4.00,14.00,0.00,0.00,0.00,0.00,0
-79.47,43.78,TORONTO NORTH YORK,615S001,29-03-2023,2023,3,29,9.00,-2.00,3.50,14.50,0.00,0.00,0.00,0.00,0
-79.47,43.78,TORONTO NORTH YORK,615S001,30-03-2023,2023,3,30,5.00,-6.50,-0.75,18.80,0.00,0.00,0.00,0.00,0
-79.47,43.78,TORONTO NORTH YORK,615S001,31-03-2023,2023,3,31,11.00,-3.00,4.00,14.00,0.00,25.40,0.00,25.40,1
-79.47,43.78,TORONTO NORTH YORK,615S001,01-04-2023,2023,4,1,15.50,3.00,9.25,8.70,0.00,0.60,0.00,0.60,1
-79.47,43.78,TORONTO NORTH YORK,615S001,02-04-2023,2023,4,2,5.00,-6.00,-0.50,18.50,0.00,0.00,0.00,0.00,0
-79.47,43.78,TORONTO NORTH YORK,615S001,03-04-2023,2023,4,3,13.00,-2.00,5.50,12.50,0.00,1.40,0.00,1.40,1
-79.47,43.78,TORONTO NORTH YORK,615S001,04-04-2023,2023,4,4,11.50,5.00,8.25,9.70,0.00,5.80,0.00,5.80,1
-79.47,43.78,TORONTO NORTH YORK,615S001,05-04-2023,2023,4,5,14.00,2.50,8.25,9.70,0.00,12.40,0.00,12.40,1
-79.47,43.78,TORONTO NORTH YORK,615S001,06-04-2023,2023,4,6,12.50,4.50,8.50,9.50,0.00,0.00,0.00,0.00,0
-79.47,43.78,TORONTO NORTH YORK,615S001,07-04-2023,2023,4,7,8.00,-1.00,3.50,14.50,0.00,0.00,0.00,0.00,0
-79.47,43.78,TORONTO NORTH YORK,615S001,08-04-2023,2023,4,8,8.00,-4.00,2.00,16.00,0.00,0.00,0.00,0.00,0
-79.47,43.78,TORONTO NORTH YORK,615S001,09-04-2023,2023,4,9,12.00,-3.00,4.50,13.50,0.00,0.00,0.00,0.00,0
-79.47,43.78,TORONTO NORTH YORK,615S001,10-04-2023,2023,4,10,20.50,-1.00,9.75,8.20,0.00,0.00,0.00,0.00,0
-79.47,43.78,TORONTO NORTH YORK,615S001,11-04-2023,2023,4,11,24.50,7.00,15.75,2.20,0.00,0.00,0.00,0.00,0
-79.47,43.78,TORONTO NORTH YORK,615S001,12-04-2023,2023,4,12,27.50,9.00,18.25,0.00,0.30,0.00,0.00,0.00,0
-79.47,43.78,TORONTO NORTH YORK,615S001,13-04-2023,2023,4,13,30.00,14.00,22.00,0.00,4.00,0.00,0.00,0.00,0
-79.47,43.78,TORONTO NORTH YORK,615S001,14-04-2023,2023,4,14,28.50,9.00,18.75,0.00,0.80,0.00,0.00,0.00,0
-79.47,43.78,TORONTO NORTH YORK,615S001,15-04-2023,2023,4,15,28.00,11.00,19.50,0.00,1.50,0.00,0.00,0.00,0
-79.47,43.78,TORONTO NORTH YORK,615S001,16-04-2023,2023,4,16,26.00,10.00,18.00,0.00,0.00,10.40,0.00,10.40,1
-79.47,43.78,TORONTO NORTH YORK,615S001,17-04-2023,2023,4,17,9.50,4.00,6.75,11.20,0.00,3.00,0.00,3.00,1
-79.47,43.78,TORONTO NORTH YORK,615S001,18-04-2023,2023,4,18,5.50,1.00,3.25,14.70,0.00,1.00,0.00,1.00,1
-79.47,43.78,TORONTO NORTH YORK,615S001,19-04-2023,2023,4,19,9.50,0.00,4.75,13.20,0.00,1.80,0.00,1.80,1
-79.47,43.78,TORONTO NORTH YORK,615S001,20-04-2023,2023,4,20,11.00,2.00,6.50,11.50,0.00,0.00,0.00,0.00,0
-79.47,43.78,TORONTO NORTH YORK,615S001,21-04-2023,2023,4,21,23.00,7.50,15.25,2.70,0.00,15.80,0.00,15.80,1
-79.47,43.78,TORONTO NORTH YORK,615S001,22-04-2023,2023,4,22,11.00,7.00,9.00,9.00,0.00,7.80,0.00,7.80,1
-79.47,43.78,TORONTO NORTH YORK,615S001,23-04-2023,2023,4,23,9.50,4.00,6.75,11.20,0.00,0.20,0.00,0.20,1
-79.47,43.78,TORONTO NORTH YORK,615S001,24-04-2023,2023,4,24,10.00,3.00,6.50,11.50,0.00,2.40,0.00,2.40,1
-79.47,43.78,TORONTO NORTH YORK,615S001,25-04-2023,2023,4,25,11.00,1.50,6.25,11.70,0.00,0.20,0.00,0.20,1
-79.47,43.78,TORONTO NORTH YORK,615S001,26-04-2023,2023,4,26,9.50,0.00,4.75,13.20,0.00,0.00,0.00,0.00,0
-79.47,43.78,TORONTO NORTH YORK,615S001,27-04-2023,2023,4,27,13.50,-2.00,5.75,12.20,0.00,0.00,0.00,0.00,0
-79.47,43.78,TORONTO NORTH YORK,615S001,28-04-2023,2023,4,28,13.50,4.00,8.75,9.20,0.00,11.60,0.00,11.60,1
-79.47,43.78,TORONTO NORTH YORK,615S001,29-04-2023,2023,4,29,10.00,6.00,8.00,10.00,0.00,3.80,0.00,3.80,1
-79.47,43.78,TORONTO NORTH YORK,615S001,30-04-2023,2023,4,30,11.00,7.00,9.00,9.00,0.00,14.80,0.00,14.80,1
-79.47,43.78,TORONTO NORTH YORK,615S001,01-05-2023,2023,5,1,11.00,4.00,7.50,10.50,0.00,6.80,0.00,6.80,1
-79.47,43.78,TORONTO NORTH YORK,615S001,02-05-2023,2023,5,2,8.50,3.00,5.75,12.20,0.00,9.20,0.00,9.20,1
-79.47,43.78,TORONTO NORTH YORK,615S001,03-05-2023,2023,5,3,12.50,2.00,7.25,10.70,0.00,7.60,0.00,7.60,1
-79.47,43.78,TORONTO NORTH YORK,615S001,04-05-2023,2023,5,4,13.00,6.00,9.50,8.50,0.00,0.80,0.00,0.80,1
-79.47,43.78,TORONTO NORTH YORK,615S001,05-05-2023,2023,5,5,15.50,6.50,11.00,7.00,0.00,0.00,0.00,0.00,0
-79.47,43.78,TORONTO NORTH YORK,615S001,06-05-2023,2023,5,6,20.00,2.00,11.00,7.00,0.00,0.00,0.00,0.00,0
-79.47,43.78,TORONTO NORTH YORK,615S001,07-05-2023,2023,5,7,18.00,6.00,12.00,6.00,0.00,13.20,0.00,13.20,1
-79.47,43.78,TORONTO NORTH YORK,615S001,08-05-2023,2023,5,8,20.00,8.00,14.00,4.00,0.00,0.00,0.00,0.00,0
-79.47,43.78,TORONTO NORTH YORK,615S001,09-05-2023,2023,5,9,17.50,7.00,12.25,5.70,0.00,0.00,0.00,0.00,0
-79.47,43.78,TORONTO NORTH YORK,615S001,10-05-2023,2023,5,10,21.00,3.50,12.25,5.70,0.00,0.00,0.00,0.00,0
-79.47,43.78,TORONTO NORTH YORK,615S001,11-05-2023,2023,5,11,26.50,7.00,16.75,1.20,0.00,0.00,0.00,0.00,0
-79.47,43.78,TORONTO NORTH YORK,615S001,12-05-2023,2023,5,12,29.00,11.00,20.00,0.00,2.00,0.00,0.00,0.00,0
-79.47,43.78,TORONTO NORTH YORK,615S001,13-05-2023,2023,5,13,24.50,12.00,18.25,0.00,0.30,0.00,0.00,0.00,0
-79.47,43.78,TORONTO NORTH YORK,615S001,14-05-2023,2023,5,14,18.00,8.50,13.25,4.70,0.00,0.00,0.00,0.00,0
-79.47,43.78,TORONTO NORTH YORK,615S001,15-05-2023,2023,5,15,23.00,3.50,13.25,4.70,0.00,0.00,0.00,0.00,0
-79.47,43.78,TORONTO NORTH YORK,615S001,16-05-2023,2023,5,16,24.00,9.50,16.75,1.20,0.00,0.00,0.00,0.00,0
-79.47,43.78,TORONTO NORTH YORK,615S001,17-05-2023,2023,5,17,12.50,1.00,6.75,11.20,0.00,0.00,0.00,0.00,0
-79.47,43.78,TORONTO NORTH YORK,615S001,18-05-2023,2023,5,18,16.00,-1.50,7.25,10.70,0.00,0.00,0.00,0.00,0
-79.47,43.78,TORONTO NORTH YORK,615S001,19-05-2023,2023,5,19,23.50,2.00,12.75,5.20,0.00,35.80,0.00,35.80,1
-79.47,43.78,TORONTO NORTH YORK,615S001,20-05-2023,2023,5,20,17.00,13.00,15.00,3.00,0.00,3.20,0.00,3.20,1
-79.47,43.78,TORONTO NORTH YORK,615S001,21-05-2023,2023,5,21,24.50,7.50,16.00,2.00,0.00,0.00,0.00,0.00,0
-79.47,43.78,TORONTO NORTH YORK,615S001,22-05-2023,2023,5,22,19.00,8.50,13.75,4.20,0.00,0.00,0.00,0.00,0
-79.47,43.78,TORONTO NORTH YORK,615S001,23-05-2023,2023,5,23,22.00,4.50,13.25,4.70,0.00,0.00,0.00,0.00,0
-79.47,43.78,TORONTO NORTH YORK,615S001,24-05-2023,2023,5,24,17.00,9.00,13.00,5.00,0.00,0.20,0.00,0.20,1
-79.47,43.78,TORONTO NORTH YORK,615S001,25-05-2023,2023,5,25,18.50,3.00,10.75,7.20,0.00,0.00,0.00,0.00,0
-79.47,43.78,TORONTO NORTH YORK,615S001,26-05-2023,2023,5,26,23.00,2.50,12.75,5.20,0.00,0.00,0.00,0.00,0
-79.47,43.78,TORONTO NORTH YORK,615S001,27-05-2023,2023,5,27,25.00,5.50,15.25,2.70,0.00,0.00,0.00,0.00,0
-79.47,43.78,TORONTO NORTH YORK,615S001,28-05-2023,2023,5,28,28.00,8.00,18.00,0.00,0.00,0.00,0.00,0.00,0
-79.47,43.78,TORONTO NORTH YORK,615S001,29-05-2023,2023,5,29,27.00,12.00,19.50,0.00,1.50,0.00,0.00,0.00,0
-79.47,43.78,TORONTO NORTH YORK,615S001,30-05-2023,2023,5,30,29.00,9.00,19.00,0.00,1.00,0.00,0.00,0.00,0
-79.47,43.78,TORONTO NORTH YORK,615S001,31-05-2023,2023,5,31,32.00,13.00,22.50,0.00,4.50,0.00,0.00,0.00,0
-79.47,43.78,TORONTO NORTH YORK,615S001,01-06-2023,2023,6,1,32.50,15.00,23.75,0.00,5.80,0.00,0.00,0.00,0
-79.47,43.78,TORONTO NORTH YORK,615S001,02-06-2023,2023,6,2,32.00,17.50,24.75,0.00,6.80,0.00,0.00,0.00,0
-79.47,43.78,TORONTO NORTH YORK,615S001,03-06-2023,2023,6,3,23.50,18.00,20.75,0.00,2.80,0.00,0.00,0.00,0
-79.47,43.78,TORONTO NORTH YORK,615S001,04-06-2023,2023,6,4,23.00,8.00,15.50,2.50,0.00,0.00,0.00,0.00,0
-79.47,43.78,TORONTO NORTH YORK,615S001,05-06-2023,2023,6,5,25.50,10.00,17.75,0.20,0.00,0.00,0.00,0.00,0
-79.47,43.78,TORONTO NORTH YORK,615S001,06-06-2023,2023,6,6,23.00,14.00,18.50,0.00,0.50,0.00,0.00,0.00,0
-79.47,43.78,TORONTO NORTH YORK,615S001,07-06-2023,2023,6,7,21.00,8.00,14.50,3.50,0.00,0.00,0.00,0.00,0
-79.47,43.78,TORONTO NORTH YORK,615S001,08-06-2023,2023,6,8,18.50,13.50,16.00,2.00,0.00,2.40,0.00,2.40,1
-79.47,43.78,TORONTO NORTH YORK,615S001,09-06-2023,2023,6,9,22.00,9.00,15.50,2.50,0.00,2.20,0.00,2.20,1
-79.47,43.78,TORONTO NORTH YORK,615S001,10-06-2023,2023,6,10,27.50,13.00,20.25,0.00,2.30,0.00,0.00,0.00,0
-79.47,43.78,TORONTO NORTH YORK,615S001,11-06-2023,2023,6,11,23.50,16.00,19.75,0.00,1.80,22.80,0.00,22.80,1
-79.47,43.78,TORONTO NORTH YORK,615S001,12-06-2023,2023,6,12,19.00,14.50,16.75,1.20,0.00,32.60,0.00,32.60,1
-79.47,43.78,TORONTO NORTH YORK,615S001,13-06-2023,2023,6,13,20.50,9.50,15.00,3.00,0.00,4.00,0.00,4.00,1
-79.47,43.78,TORONTO NORTH YORK,615S001,14-06-2023,2023,6,14,20.00,10.00,15.00,3.00,0.00,4.80,0.00,4.80,1
-79.47,43.78,TORONTO NORTH YORK,615S001,15-06-2023,2023,6,15,21.50,9.50,15.50,2.50,0.00,2.40,0.00,2.40,1
-79.47,43.78,TORONTO NORTH YORK,615S001,16-06-2023,2023,6,16,24.00,12.50,18.25,0.00,0.30,0.00,0.00,0.00,0
-79.47,43.78,TORONTO NORTH YORK,615S001,17-06-2023,2023,6,17,25.00,13.00,19.00,0.00,1.00,0.00,0.00,0.00,0
-79.47,43.78,TORONTO NORTH YORK,615S001,18-06-2023,2023,6,18,26.50,19.00,22.75,0.00,4.80,0.00,0.00,0.00,0
-79.47,43.78,TORONTO NORTH YORK,615S001,19-06-2023,2023,6,19,25.00,12.50,18.75,0.00,0.80,0.00,0.00,0.00,0
-79.47,43.78,TORONTO NORTH YORK,615S001,20-06-2023,2023,6,20,26.50,16.50,21.50,0.00,3.50,0.00,0.00,0.00,0
-79.47,43.78,TORONTO NORTH YORK,615S001,21-06-2023,2023,6,21,27.50,13.50,20.50,0.00,2.50,0.00,0.00,0.00,0
-79.47,43.78,TORONTO NORTH YORK,615S001,22-06-2023,2023,6,22,26.50,14.00,20.25,0.00,2.30,0.20,0.00,0.20,1
-79.47,43.78,TORONTO NORTH YORK,615S001,23-06-2023,2023,6,23,25.00,18.00,21.50,0.00,3.50,28.60,0.00,28.60,1
-79.47,43.78,TORONTO NORTH YORK,615S001,24-06-2023,2023,6,24,26.00,18.00,22.00,0.00,4.00,0.60,0.00,0.60,1
-79.47,43.78,TORONTO NORTH YORK,615S001,25-06-2023,2023,6,25,29.50,16.50,23.00,0.00,5.00,20.40,0.00,20.40,1
-79.47,43.78,TORONTO NORTH YORK,615S001,26-06-2023,2023,6,26,24.50,18.00,21.25,0.00,3.30,19.20,0.00,19.20,1
-79.47,43.78,TORONTO NORTH YORK,615S001,27-06-2023,2023,6,27,24.00,18.50,21.25,0.00,3.30,10.00,0.00,10.00,1
-79.47,43.78,TORONTO NORTH YORK,615S001,28-06-2023,2023,6,28,14.72,5.03,9.88,8.96,0.83,2.28,0.32,2.61,1
-79.47,43.78,TORONTO NORTH YORK,615S001,29-06-2023,2023,6,29,14.72,5.03,9.88,8.96,0.83,2.28,0.32,2.61,1
-79.47,43.78,TORONTO NORTH YORK,615S001,30-06-2023,2023,6,30,27.50,15.50,21.50,0.00,3.50,0.00,0.00,0.00,0
-79.47,43.78,TORONTO NORTH YORK,615S001,01-07-2023,2023,7,1,29.50,17.50,23.50,0.00,5.50,1.00,0.00,1.00,1
-79.47,43.78,TORONTO NORTH YORK,615S001,02-07-2023,2023,7,2,24.00,19.50,21.75,0.00,3.80,1.00,0.00,1.00,1
-79.47,43.78,TORONTO NORTH YORK,615S001,03-07-2023,2023,7,3,27.00,18.50,22.75,0.00,4.80,0.00,0.00,0.00,0
-79.47,43.78,TORONTO NORTH YORK,615S001,04-07-2023,2023,7,4,31.50,17.00,24.25,0.00,6.30,0.00,0.00,0.00,0
-79.47,43.78,TORONTO NORTH YORK,615S001,05-07-2023,2023,7,5,32.00,19.50,25.75,0.00,7.80,0.00,0.00,0.00,0
-79.47,43.78,TORONTO NORTH YORK,615S001,06-07-2023,2023,7,6,31.00,19.00,25.00,0.00,7.00,3.80,0.00,3.80,1
-79.47,43.78,TORONTO NORTH YORK,615S001,07-07-2023,2023,7,7,26.50,19.00,22.75,0.00,4.80,0.00,0.00,0.00,0
-79.47,43.78,TORONTO NORTH YORK,615S001,08-07-2023,2023,7,8,14.72,5.03,9.88,8.96,0.83,2.28,0.32,2.61,1
-79.47,43.78,TORONTO NORTH YORK,615S001,09-07-2023,2023,7,9,14.72,5.03,9.88,8.96,0.83,2.28,0.32,2.61,1
-79.47,43.78,TORONTO NORTH YORK,615S001,10-07-2023,2023,7,10,29.00,11.00,20.00,0.00,2.02,0.00,0.00,0.00,0
-79.47,43.78,TORONTO NORTH YORK,615S001,11-07-2023,2023,7,11,30.50,19.00,24.75,0.00,6.80,2.00,0.00,2.00,1
-79.47,43.78,TORONTO NORTH YORK,615S001,12-07-2023,2023,7,12,26.00,13.00,19.50,0.00,1.50,30.20,0.00,30.20,1
-79.47,43.78,TORONTO NORTH YORK,615S001,13-07-2023,2023,7,13,24.00,17.00,20.50,0.00,2.50,0.00,0.00,0.00,0
-79.47,43.78,TORONTO NORTH YORK,615S001,14-07-2023,2023,7,14,26.50,12.00,19.25,0.00,1.30,0.60,0.00,0.60,1
-79.47,43.78,TORONTO NORTH YORK,615S001,15-07-2023,2023,7,15,24.70,16.50,20.60,0.00,2.60,12.20,0.00,12.20,1
-79.47,43.78,TORONTO NORTH YORK,615S001,16-07-2023,2023,7,16,28.00,19.00,23.50,0.00,5.50,0.00,0.00,0.00,0
-79.47,43.78,TORONTO NORTH YORK,615S001,17-07-2023,2023,7,17,27.50,18.00,22.75,0.00,4.80,2.80,0.00,2.80,1
-79.47,43.78,TORONTO NORTH YORK,615S001,18-07-2023,2023,7,18,26.50,15.00,20.75,0.00,2.80,0.00,0.00,0.00,0
-79.47,43.78,TORONTO NORTH YORK,615S001,19-07-2023,2023,7,19,26.00,12.80,19.40,0.00,1.40,0.00,0.00,0.00,0
-79.47,43.78,TORONTO NORTH YORK,615S001,20-07-2023,2023,7,20,14.72,5.03,9.88,8.96,0.83,2.28,0.32,2.61,1
-79.47,43.78,TORONTO NORTH YORK,615S001,21-07-2023,2023,7,21,25.50,17.00,21.25,0.00,3.30,0.00,0.00,0.00,0
-79.47,43.78,TORONTO NORTH YORK,615S001,22-07-2023,2023,7,22,28.50,15.00,21.75,0.00,3.80,0.00,0.00,0.00,0
-79.47,43.78,TORONTO NORTH YORK,615S001,23-07-2023,2023,7,23,28.00,14.00,21.00,0.00,3.00,13.40,0.00,13.40,1
-79.47,43.78,TORONTO NORTH YORK,615S001,24-07-2023,2023,7,24,28.00,15.50,21.75,0.00,3.80,7.40,0.00,7.40,1
-79.47,43.78,TORONTO NORTH YORK,615S001,25-07-2023,2023,7,25,28.00,16.00,22.00,0.00,4.00,6.60,0.00,6.60,1
-79.47,43.78,TORONTO NORTH YORK,615S001,26-07-2023,2023,7,26,14.72,5.03,9.88,8.96,0.83,2.28,0.32,2.61,1
-79.47,43.78,TORONTO NORTH YORK,615S001,27-07-2023,2023,7,27,30.00,20.50,25.25,0.00,7.30,0.00,0.00,0.00,0
-79.47,43.78,TORONTO NORTH YORK,615S001,28-07-2023,2023,7,28,31.00,18.50,24.75,0.00,6.80,0.00,0.00,0.00,0
-79.47,43.78,TORONTO NORTH YORK,615S001,29-07-2023,2023,7,29,22.00,21.00,21.50,0.00,3.50,0.00,0.00,0.00,0
-79.47,43.78,TORONTO NORTH YORK,615S001,30-07-2023,2023,7,30,25.50,11.50,18.50,0.00,0.50,0.00,0.00,0.00,0
-79.47,43.78,TORONTO NORTH YORK,615S001,31-07-2023,2023,7,31,24.50,14.50,19.50,0.00,1.50,0.00,0.00,0.00,0
-79.47,43.78,TORONTO NORTH YORK,615S001,01-08-2023,2023,8,1,25.00,13.00,19.00,0.00,1.00,0.00,0.00,0.00,0
-79.47,43.78,TORONTO NORTH YORK,615S001,02-08-2023,2023,8,2,25.50,12.50,19.00,0.00,1.00,3.60,0.00,3.60,1
-79.47,43.78,TORONTO NORTH YORK,615S001,03-08-2023,2023,8,3,29.50,16.00,22.75,0.00,4.80,4.00,0.00,4.00,1
-79.47,43.78,TORONTO NORTH YORK,615S001,04-08-2023,2023,8,4,27.00,14.50,20.75,0.00,2.80,0.00,0.00,0.00,0
-79.47,43.78,TORONTO NORTH YORK,615S001,05-08-2023,2023,8,5,25.00,14.00,19.50,0.00,1.50,0.00,0.00,0.00,0
-79.47,43.78,TORONTO NORTH YORK,615S001,06-08-2023,2023,8,6,24.50,11.00,17.75,0.20,0.00,7.60,0.00,7.60,1
-79.47,43.78,TORONTO NORTH YORK,615S001,07-08-2023,2023,8,7,26.00,15.50,20.75,0.00,2.80,2.00,0.00,2.00,1
-79.47,43.78,TORONTO NORTH YORK,615S001,08-08-2023,2023,8,8,24.50,16.00,20.25,0.00,2.30,0.00,0.00,0.00,0
-79.47,43.78,TORONTO NORTH YORK,615S001,09-08-2023,2023,8,9,29.50,12.50,21.00,0.00,3.00,0.00,0.00,0.00,0
-79.47,43.78,TORONTO NORTH YORK,615S001,10-08-2023,2023,8,10,26.00,15.00,20.50,0.00,2.50,0.40,0.00,0.40,1
-79.47,43.78,TORONTO NORTH YORK,615S001,11-08-2023,2023,8,11,26.00,14.00,20.00,0.00,2.00,1.00,0.00,1.00,1
-79.47,43.78,TORONTO NORTH YORK,615S001,12-08-2023,2023,8,12,29.50,16.50,23.00,0.00,5.00,0.80,0.00,0.80,1
-79.47,43.78,TORONTO NORTH YORK,615S001,13-08-2023,2023,8,13,25.50,13.50,19.50,0.00,1.50,0.00,0.00,0.00,0
-79.47,43.78,TORONTO NORTH YORK,615S001,14-08-2023,2023,8,14,25.50,12.50,19.00,0.00,1.00,1.00,0.00,1.00,1
-79.47,43.78,TORONTO NORTH YORK,615S001,15-08-2023,2023,8,15,24.50,15.50,20.00,0.00,2.00,0.80,0.00,0.80,1
-79.47,43.78,TORONTO NORTH YORK,615S001,16-08-2023,2023,8,16,28.00,16.50,22.25,0.00,4.30,0.00,0.00,0.00,0
-79.47,43.78,TORONTO NORTH YORK,615S001,17-08-2023,2023,8,17,27.00,14.50,20.75,0.00,2.80,0.00,0.00,0.00,0
-79.47,43.78,TORONTO NORTH YORK,615S001,18-08-2023,2023,8,18,19.50,13.00,16.25,1.70,0.00,11.60,0.00,11.60,1
-79.47,43.78,TORONTO NORTH YORK,615S001,19-08-2023,2023,8,19,25.50,11.50,18.50,0.00,0.50,0.00,0.00,0.00,0
-79.47,43.78,TORONTO NORTH YORK,615S001,20-08-2023,2023,8,20,29.50,13.00,21.25,0.00,3.30,0.00,0.00,0.00,0
-79.47,43.78,TORONTO NORTH YORK,615S001,21-08-2023,2023,8,21,24.50,18.50,21.50,0.00,3.50,0.00,0.00,0.00,0
-79.47,43.78,TORONTO NORTH YORK,615S001,22-08-2023,2023,8,22,25.50,12.00,18.75,0.00,0.80,2.00,0.00,2.00,1
-79.47,43.78,TORONTO NORTH YORK,615S001,23-08-2023,2023,8,23,20.00,14.50,17.25,0.70,0.00,0.80,0.00,0.80,1
-79.47,43.78,TORONTO NORTH YORK,615S001,24-08-2023,2023,8,24,23.50,16.50,20.00,0.00,2.00,35.20,0.00,35.20,1
-79.47,43.78,TORONTO NORTH YORK,615S001,25-08-2023,2023,8,25,25.00,18.00,21.50,0.00,3.50,0.00,0.00,0.00,0
-79.47,43.78,TORONTO NORTH YORK,615S001,26-08-2023,2023,8,26,25.00,14.00,19.50,0.00,1.50,0.00,0.00,0.00,0
-79.47,43.78,TORONTO NORTH YORK,615S001,27-08-2023,2023,8,27,23.50,9.50,16.50,1.50,0.00,0.00,0.00,0.00,0
-79.47,43.78,TORONTO NORTH YORK,615S001,28-08-2023,2023,8,28,23.50,10.00,16.75,1.20,0.00,0.00,0.00,0.00,0
-79.47,43.78,TORONTO NORTH YORK,615S001,29-08-2023,2023,8,29,25.00,10.00,17.50,0.50,0.00,3.80,0.00,3.80,1
-79.47,43.78,TORONTO NORTH YORK,615S001,30-08-2023,2023,8,30,20.00,14.00,17.00,1.00,0.00,0.00,0.00,0.00,0
-79.47,43.78,TORONTO NORTH YORK,615S001,31-08-2023,2023,8,31,24.00,6.00,15.00,3.00,0.00,0.00,0.00,0.00,0
-79.47,43.78,TORONTO NORTH YORK,615S001,01-09-2023,2023,9,1,25.00,8.50,16.75,1.20,0.00,0.00,0.00,0.00,0
-79.47,43.78,TORONTO NORTH YORK,615S001,02-09-2023,2023,9,2,26.50,11.50,19.00,0.00,1.00,0.00,0.00,0.00,0
-79.47,43.78,TORONTO NORTH YORK,615S001,03-09-2023,2023,9,3,31.00,14.00,22.50,0.00,4.50,0.00,0.00,0.00,0
-79.47,43.78,TORONTO NORTH YORK,615S001,04-09-2023,2023,9,4,34.00,18.00,26.00,0.00,8.00,0.00,0.00,0.00,0
-79.47,43.78,TORONTO NORTH YORK,615S001,05-09-2023,2023,9,5,33.00,18.00,25.50,0.00,7.50,0.00,0.00,0.00,0
-79.47,43.78,TORONTO NORTH YORK,615S001,06-09-2023,2023,9,6,32.00,19.00,25.50,0.00,7.50,2.80,0.00,2.80,1
-79.47,43.78,TORONTO NORTH YORK,615S001,07-09-2023,2023,9,7,28.50,19.50,24.00,0.00,6.00,7.20,0.00,7.20,1
-79.47,43.78,TORONTO NORTH YORK,615S001,08-09-2023,2023,9,8,20.00,14.00,17.00,1.00,0.00,0.00,0.00,0.00,0
-79.47,43.78,TORONTO NORTH YORK,615S001,09-09-2023,2023,9,9,21.00,14.00,17.50,0.50,0.00,0.00,0.00,0.00,0
-79.47,43.78,TORONTO NORTH YORK,615S001,10-09-2023,2023,9,10,23.00,16.00,19.50,0.00,1.50,0.00,0.00,0.00,0
-79.47,43.78,TORONTO NORTH YORK,615S001,11-09-2023,2023,9,11,25.00,13.00,19.00,0.00,1.00,4.80,0.00,4.80,1
-79.47,43.78,TORONTO NORTH YORK,615S001,12-09-2023,2023,9,12,24.00,15.00,19.50,0.00,1.50,10.20,0.00,10.20,1
-79.47,43.78,TORONTO NORTH YORK,615S001,13-09-2023,2023,9,13,19.50,11.00,15.25,2.70,0.00,0.00,0.00,0.00,0
-79.47,43.78,TORONTO NORTH YORK,615S001,14-09-2023,2023,9,14,21.00,7.50,14.25,3.70,0.00,0.00,0.00,0.00,0
-79.47,43.78,TORONTO NORTH YORK,615S001,15-09-2023,2023,9,15,22.00,5.50,13.75,4.20,0.00,0.40,0.00,0.40,1
-79.47,43.78,TORONTO NORTH YORK,615S001,16-09-2023,2023,9,16,23.50,6.50,15.00,3.00,0.00,0.00,0.00,0.00,0
-79.47,43.78,TORONTO NORTH YORK,615S001,17-09-2023,2023,9,17,23.50,11.00,17.25,0.70,0.00,0.00,0.00,0.00,0
-79.47,43.78,TORONTO NORTH YORK,615S001,18-09-2023,2023,9,18,21.50,12.00,16.75,1.20,0.00,0.00,0.00,0.00,0
-79.47,43.78,TORONTO NORTH YORK,615S001,19-09-2023,2023,9,19,21.00,9.00,15.00,3.00,0.00,0.00,0.00,0.00,0
-79.47,43.78,TORONTO NORTH YORK,615S001,20-09-2023,2023,9,20,22.00,4.00,13.00,5.00,0.00,0.00,0.00,0.00,0
-79.47,43.78,TORONTO NORTH YORK,615S001,21-09-2023,2023,9,21,23.50,9.00,16.25,1.70,0.00,0.00,0.00,0.00,0
-79.47,43.78,TORONTO NORTH YORK,615S001,22-09-2023,2023,9,22,22.50,9.00,15.75,2.20,0.00,0.00,0.00,0.00,0
-79.47,43.78,TORONTO NORTH YORK,615S001,23-09-2023,2023,9,23,22.00,9.50,15.75,2.20,0.00,0.00,0.00,0.00,0
-79.47,43.78,TORONTO NORTH YORK,615S001,24-09-2023,2023,9,24,23.00,10.00,16.50,1.50,0.00,0.00,0.00,0.00,0
-79.47,43.78,TORONTO NORTH YORK,615S001,25-09-2023,2023,9,25,24.00,12.50,18.25,0.00,0.30,0.00,0.00,0.00,0
-79.47,43.78,TORONTO NORTH YORK,615S001,26-09-2023,2023,9,26,20.00,13.00,16.50,1.50,0.00,0.00,0.00,0.00,0
-79.47,43.78,TORONTO NORTH YORK,615S001,27-09-2023,2023,9,27,20.00,11.00,15.50,2.50,0.00,0.00,0.00,0.00,0
-79.47,43.78,TORONTO NORTH YORK,615S001,28-09-2023,2023,9,28,19.50,10.50,15.00,3.00,0.00,2.00,0.00,2.00,1
-79.47,43.78,TORONTO NORTH YORK,615S001,29-09-2023,2023,9,29,22.00,10.50,16.25,1.70,0.00,0.00,0.00,0.00,0
-79.47,43.78,TORONTO NORTH YORK,615S001,30-09-2023,2023,9,30,25.00,11.00,18.00,0.00,0.00,0.00,0.00,0.00,0
-79.47,43.78,TORONTO NORTH YORK,615S001,01-10-2023,2023,10,1,14.72,5.03,9.88,8.96,0.83,2.28,0.32,2.61,1
-79.47,43.78,TORONTO NORTH YORK,615S001,02-10-2023,2023,10,2,28.50,13.00,20.75,0.00,2.80,0.00,0.00,0.00,0
-79.47,43.78,TORONTO NORTH YORK,615S001,03-10-2023,2023,10,3,30.50,13.50,22.00,0.00,4.00,0.00,0.00,0.00,0
-79.47,43.78,TORONTO NORTH YORK,615S001,04-10-2023,2023,10,4,29.00,13.50,21.25,0.00,3.30,0.00,0.00,0.00,0
-79.47,43.78,TORONTO NORTH YORK,615S001,05-10-2023,2023,10,5,25.00,15.00,20.00,0.00,2.00,18.20,0.00,18.20,1
-79.47,43.78,TORONTO NORTH YORK,615S001,06-10-2023,2023,10,6,23.00,15.00,19.00,0.00,1.00,0.00,0.00,0.00,0
-79.47,43.78,TORONTO NORTH YORK,615S001,07-10-2023,2023,10,7,16.00,8.50,12.25,5.70,0.00,1.00,0.00,1.00,1
-79.47,43.78,TORONTO NORTH YORK,615S001,08-10-2023,2023,10,8,11.50,5.00,8.25,9.70,0.00,3.20,0.00,3.20,1
-79.47,43.78,TORONTO NORTH YORK,615S001,09-10-2023,2023,10,9,11.00,5.00,8.00,10.00,0.00,1.20,0.00,1.20,1
-79.47,43.78,TORONTO NORTH YORK,615S001,10-10-2023,2023,10,10,13.00,6.00,9.50,8.50,0.00,3.80,0.00,3.80,1
-79.47,43.78,TORONTO NORTH YORK,615S001,11-10-2023,2023,10,11,15.50,5.00,10.25,7.70,0.00,0.00,0.00,0.00,0
-79.47,43.78,TORONTO NORTH YORK,615S001,12-10-2023,2023,10,12,16.00,3.00,9.50,8.50,0.00,0.00,0.00,0.00,0
-79.47,43.78,TORONTO NORTH YORK,615S001,13-10-2023,2023,10,13,15.50,2.00,8.75,9.20,0.00,0.00,0.00,0.00,0
-79.47,43.78,TORONTO NORTH YORK,615S001,14-10-2023,2023,10,14,13.50,5.50,9.50,8.50,0.00,0.00,0.00,0.00,0
-79.47,43.78,TORONTO NORTH YORK,615S001,15-10-2023,2023,10,15,10.50,6.00,8.25,9.70,0.00,0.00,0.00,0.00,0
-79.47,43.78,TORONTO NORTH YORK,615S001,16-10-2023,2023,10,16,12.00,6.50,9.25,8.70,0.00,0.00,0.00,0.00,0
-79.47,43.78,TORONTO NORTH YORK,615S001,17-10-2023,2023,10,17,17.00,4.00,10.50,7.50,0.00,0.00,0.00,0.00,0
-79.47,43.78,TORONTO NORTH YORK,615S001,18-10-2023,2023,10,18,14.72,5.03,9.88,8.96,0.83,2.28,0.32,2.61,1
-79.47,43.78,TORONTO NORTH YORK,615S001,19-10-2023,2023,10,19,16.50,5.00,10.75,7.20,0.00,2.00,0.00,2.00,1
-79.47,43.78,TORONTO NORTH YORK,615S001,20-10-2023,2023,10,20,15.00,11.50,13.25,4.70,0.00,7.80,0.00,7.80,1
-79.47,43.78,TORONTO NORTH YORK,615S001,21-10-2023,2023,10,21,11.50,7.00,9.25,8.70,0.00,0.00,0.00,0.00,0
-79.47,43.78,TORONTO NORTH YORK,615S001,22-10-2023,2023,10,22,11.00,3.50,7.25,10.70,0.00,0.00,0.00,0.00,0
-79.47,43.78,TORONTO NORTH YORK,615S001,23-10-2023,2023,10,23,17.50,-3.00,7.25,10.70,0.00,0.00,0.00,0.00,0
-79.47,43.78,TORONTO NORTH YORK,615S001,24-10-2023,2023,10,24,19.50,7.00,13.25,4.70,0.00,0.00,0.00,0.00,0
-79.47,43.78,TORONTO NORTH YORK,615S001,25-10-2023,2023,10,25,20.50,12.00,16.25,1.70,0.00,3.20,0.00,3.20,1
-79.47,43.78,TORONTO NORTH YORK,615S001,26-10-2023,2023,10,26,18.50,13.50,16.00,2.00,0.00,4.00,0.00,4.00,1
-79.47,43.78,TORONTO NORTH YORK,615S001,27-10-2023,2023,10,27,22.00,14.50,18.25,0.00,0.30,0.40,0.00,0.40,1
-79.47,43.78,TORONTO NORTH YORK,615S001,28-10-2023,2023,10,28,13.50,10.00,11.75,6.20,0.00,0.40,0.00,0.40,1
-79.47,43.78,TORONTO NORTH YORK,615S001,29-10-2023,2023,10,29,7.50,4.00,5.75,12.20,0.00,5.00,0.00,5.00,1
-79.47,43.78,TORONTO NORTH YORK,615S001,30-10-2023,2023,10,30,14.72,5.03,9.88,8.96,0.83,2.28,0.32,2.61,1
-79.47,43.78,TORONTO NORTH YORK,615S001,31-10-2023,2023,10,31,6.50,-3.00,1.75,16.20,0.00,0.00,0.00,0.00,0
-79.47,43.78,TORONTO NORTH YORK,615S001,01-11-2023,2023,11,1,4.00,-2.50,0.75,17.20,0.00,0.00,0.00,0.00,0
-79.47,43.78,TORONTO NORTH YORK,615S001,02-11-2023,2023,11,2,10.00,0.00,5.00,13.00,0.00,0.00,0.00,0.00,0
-79.47,43.78,TORONTO NORTH YORK,615S001,03-11-2023,2023,11,3,15.00,4.50,9.75,8.20,0.00,2.60,0.00,2.60,1
-79.47,43.78,TORONTO NORTH YORK,615S001,04-11-2023,2023,11,4,11.00,7.00,9.00,9.00,0.00,0.40,0.00,0.40,1
-79.47,43.78,TORONTO NORTH YORK,615S001,05-11-2023,2023,11,5,10.00,1.00,5.50,12.50,0.00,0.00,0.00,0.00,0
-79.47,43.78,TORONTO NORTH YORK,615S001,06-11-2023,2023,11,6,13.00,6.00,9.50,8.50,0.00,7.80,0.00,7.80,1
-79.47,43.78,TORONTO NORTH YORK,615S001,07-11-2023,2023,11,7,9.00,5.00,7.00,11.00,0.00,0.00,0.00,0.00,0
-79.47,43.78,TORONTO NORTH YORK,615S001,08-11-2023,2023,11,8,5.00,-4.00,0.50,17.50,0.00,16.20,0.00,16.20,1
-79.47,43.78,TORONTO NORTH YORK,615S001,09-11-2023,2023,11,9,11.00,-0.50,5.25,12.70,0.00,0.00,0.00,0.00,0
-79.47,43.78,TORONTO NORTH YORK,615S001,10-11-2023,2023,11,10,14.72,5.03,9.88,8.96,0.83,2.28,0.32,2.61,1
-79.47,43.78,TORONTO NORTH YORK,615S001,11-11-2023,2023,11,11,14.72,5.03,9.88,8.96,0.83,2.28,0.32,2.61,1
-79.47,43.78,TORONTO NORTH YORK,615S001,12-11-2023,2023,11,12,14.72,5.03,9.88,8.96,0.83,2.28,0.32,2.61,1
-79.47,43.78,TORONTO NORTH YORK,615S001,13-11-2023,2023,11,13,14.00,-2.50,5.75,12.20,0.00,0.00,0.00,0.00,0
-79.47,43.78,TORONTO NORTH YORK,615S001,14-11-2023,2023,11,14,10.00,5.00,7.50,10.50,0.00,0.00,0.00,0.00,0
-79.47,43.78,TORONTO NORTH YORK,615S001,15-11-2023,2023,11,15,15.00,-2.00,6.50,11.50,0.00,0.00,0.00,0.00,0
-79.47,43.78,TORONTO NORTH YORK,615S001,16-11-2023,2023,11,16,13.50,-1.00,6.25,11.70,0.00,0.00,0.00,0.00,0
-79.47,43.78,TORONTO NORTH YORK,615S001,17-11-2023,2023,11,17,14.50,4.00,9.25,8.70,0.00,1.20,0.00,1.20,1
-79.47,43.78,TORONTO NORTH YORK,615S001,18-11-2023,2023,11,18,8.00,-2.50,2.75,15.20,0.00,0.00,0.00,0.00,0
-79.47,43.78,TORONTO NORTH YORK,615S001,19-11-2023,2023,11,19,5.00,0.00,2.50,15.50,0.00,0.00,0.00,0.00,0
-79.47,43.78,TORONTO NORTH YORK,615S001,20-11-2023,2023,11,20,4.00,-6.50,-1.25,19.30,0.00,0.00,0.00,0.00,0
-79.47,43.78,TORONTO NORTH YORK,615S001,21-11-2023,2023,11,21,6.00,-2.50,1.75,16.20,0.00,16.80,0.00,16.80,1
-79.47,43.78,TORONTO NORTH YORK,615S001,22-11-2023,2023,11,22,6.50,3.00,4.75,13.20,0.00,0.00,0.00,0.00,0
-79.47,43.78,TORONTO NORTH YORK,615S001,23-11-2023,2023,11,23,7.00,2.50,4.75,13.20,0.00,0.00,0.00,0.00,0
-79.47,43.78,TORONTO NORTH YORK,615S001,24-11-2023,2023,11,24,1.00,-3.50,-1.25,19.30,0.00,0.00,0.00,0.00,0
-79.47,43.78,TORONTO NORTH YORK,615S001,25-11-2023,2023,11,25,4.00,-5.00,-0.50,18.50,0.00,0.00,0.00,0.00,0
-79.47,43.78,TORONTO NORTH YORK,615S001,26-11-2023,2023,11,26,14.72,5.03,9.88,8.96,0.83,2.28,0.32,2.61,1
-79.47,43.78,TORONTO NORTH YORK,615S001,27-11-2023,2023,11,27,3.00,0.00,1.50,16.50,0.00,0.00,0.00,0.00,0
-79.47,43.78,TORONTO NORTH YORK,615S001,28-11-2023,2023,11,28,0.00,-5.00,-2.50,20.50,0.00,0.00,1.00,1.00,1
-79.47,43.78,TORONTO NORTH YORK,615S001,29-11-2023,2023,11,29,0.00,-5.00,-2.50,20.50,0.00,0.00,0.50,0.50,1
-79.47,43.78,TORONTO NORTH YORK,615S001,30-11-2023,2023,11,30,10.50,-3.00,3.75,14.20,0.00,0.00,0.00,0.00,0
-79.47,43.78,TORONTO NORTH YORK,615S001,01-12-2023,2023,12,1,14.72,5.03,9.88,8.96,0.83,2.28,0.32,2.61,1
-79.47,43.78,TORONTO NORTH YORK,615S001,02-12-2023,2023,12,2,3.00,0.50,1.75,16.20,0.00,0.80,0.00,0.80,1
-79.47,43.78,TORONTO NORTH YORK,615S001,03-12-2023,2023,12,3,3.50,0.50,2.00,16.00,0.00,1.80,0.00,1.80,1
-79.47,43.78,TORONTO NORTH YORK,615S001,04-12-2023,2023,12,4,3.00,1.00,2.00,16.00,0.00,0.00,0.00,0.00,0
-79.47,43.78,TORONTO NORTH YORK,615S001,05-12-2023,2023,12,5,2.50,0.00,1.25,16.70,0.00,0.00,0.00,0.00,0
-79.47,43.78,TORONTO NORTH YORK,615S001,06-12-2023,2023,12,6,1.50,-2.00,-0.25,18.30,0.00,0.00,6.50,6.50,1
-79.47,43.78,TORONTO NORTH YORK,615S001,07-12-2023,2023,12,7,4.00,-5.00,-0.50,18.50,0.00,0.40,0.00,0.40,1
-79.47,43.78,TORONTO NORTH YORK,615S001,08-12-2023,2023,12,8,7.50,1.50,4.50,13.50,0.00,0.00,0.00,0.00,0
-79.47,43.78,TORONTO NORTH YORK,615S001,09-12-2023,2023,12,9,12.00,4.00,8.00,10.00,0.00,8.80,0.00,8.80,1
-79.47,43.78,TORONTO NORTH YORK,615S001,10-12-2023,2023,12,10,6.00,3.00,4.50,13.50,0.00,0.00,0.00,0.00,0
-79.47,43.78,TORONTO NORTH YORK,615S001,11-12-2023,2023,12,11,2.00,0.00,1.00,17.00,0.00,0.00,0.00,0.00,0
-79.47,43.78,TORONTO NORTH YORK,615S001,12-12-2023,2023,12,12,5.00,-1.50,1.75,16.20,0.00,0.00,0.00,0.00,0
-79.47,43.78,TORONTO NORTH YORK,615S001,13-12-2023,2023,12,13,3.00,-2.00,0.50,17.50,0.00,0.00,0.00,0.00,0
-79.47,43.78,TORONTO NORTH YORK,615S001,14-12-2023,2023,12,14,5.00,-3.00,1.00,17.00,0.00,0.00,0.00,0.00,0
-79.47,43.78,TORONTO NORTH YORK,615S001,15-12-2023,2023,12,15,12.50,0.50,6.50,11.50,0.00,0.00,0.00,0.00,0
-79.47,43.78,TORONTO NORTH YORK,615S001,16-12-2023,2023,12,16,6.50,3.00,4.75,13.20,0.00,0.60,0.00,0.60,1
-79.47,43.78,TORONTO NORTH YORK,615S001,17-12-2023,2023,12,17,7.00,2.50,4.75,13.20,0.00,10.20,0.00,10.20,1
-79.47,43.78,TORONTO NORTH YORK,615S001,18-12-2023,2023,12,18,6.00,5.00,5.50,12.50,0.00,2.40,2.00,4.40,1
-79.47,43.78,TORONTO NORTH YORK,615S001,19-12-2023,2023,12,19,1.00,-5.00,-2.00,20.00,0.00,0.00,0.00,0.00,0
-79.47,43.78,TORONTO NORTH YORK,615S001,20-12-2023,2023,12,20,4.00,-4.00,0.00,18.00,0.00,0.00,0.00,0.00,0
-79.47,43.78,TORONTO NORTH YORK,615S001,21-12-2023,2023,12,21,-2.00,-4.00,-3.00,21.00,0.00,0.00,0.00,0.00,0
-79.47,43.78,TORONTO NORTH YORK,615S001,22-12-2023,2023,12,22,0.50,-5.50,-2.50,20.50,0.00,1.60,0.00,1.60,1
-79.47,43.78,TORONTO NORTH YORK,615S001,23-12-2023,2023,12,23,4.00,-2.00,1.00,17.00,0.00,7.00,0.00,7.00,1
-79.47,43.78,TORONTO NORTH YORK,615S001,24-12-2023,2023,12,24,5.00,2.00,3.50,14.50,0.00,0.20,0.00,0.20,1
-79.47,43.78,TORONTO NORTH YORK,615S001,25-12-2023,2023,12,25,6.50,3.00,4.75,13.20,0.00,0.00,0.00,0.00,0
-79.47,43.78,TORONTO NORTH YORK,615S001,26-12-2023,2023,12,26,8.00,3.50,5.75,12.20,0.00,6.00,0.00,6.00,1
-79.47,43.78,TORONTO NORTH YORK,615S001,27-12-2023,2023,12,27,8.50,6.00,7.25,10.70,0.00,10.20,0.00,10.20,1
-79.47,43.78,TORONTO NORTH YORK,615S001,28-12-2023,2023,12,28,7.50,6.00,6.75,11.20,0.00,4.40,0.00,4.40,1
-79.47,43.78,TORONTO NORTH YORK,615S001,29-12-2023,2023,12,29,6.50,6.00,6.25,11.70,0.00,5.00,0.00,5.00,1
-79.47,43.78,TORONTO NORTH YORK,615S001,30-12-2023,2023,12,30,0.00,-1.00,-0.50,18.50,0.00,0.00,0.00,0.00,0
-79.47,43.78,TORONTO NORTH YORK,615S001,31-12-2023,2023,12,31,1.00,-1.00,0.00,18.00,0.00,0.00,3.00,3.00,1
-79.47,43.78,TORONTO NORTH YORK,615S001,01-01-2024,2024,1,1,-1.00,-4.00,-2.50,20.50,0.00,0.00,0.00,0.00,0
-79.47,43.78,TORONTO NORTH YORK,615S001,02-01-2024,2024,1,2,1.00,-2.90,-0.95,19.00,0.00,0.00,0.00,0.00,0
-79.47,43.78,TORONTO NORTH YORK,615S001,03-01-2024,2024,1,3,2.50,0.00,1.25,16.70,0.00,0.00,0.00,0.00,0
-79.47,43.78,TORONTO NORTH YORK,615S001,04-01-2024,2024,1,4,-2.00,-7.00,-4.50,22.50,0.00,0.00,0.00,0.00,0
-79.47,43.78,TORONTO NORTH YORK,615S001,05-01-2024,2024,1,5,-0.50,-5.50,-3.00,21.00,0.00,0.00,0.00,0.00,0
-79.47,43.78,TORONTO NORTH YORK,615S001,06-01-2024,2024,1,6,1.50,-1.50,0.00,18.00,0.00,0.00,2.50,2.50,1
-79.47,43.78,TORONTO NORTH YORK,615S001,07-01-2024,2024,1,7,-0.50,-5.00,-2.75,20.80,0.00,0.00,0.00,0.00,0
-79.47,43.78,TORONTO NORTH YORK,615S001,08-01-2024,2024,1,8,2.50,-3.00,-0.25,18.30,0.00,0.00,0.00,0.00,0
-79.47,43.78,TORONTO NORTH YORK,615S001,09-01-2024,2024,1,9,6.00,0.00,3.00,15.00,0.00,21.20,4.00,25.20,1
-79.47,43.78,TORONTO NORTH YORK,615S001,10-01-2024,2024,1,10,3.00,0.00,1.50,16.50,0.00,0.00,0.00,0.00,0
-79.47,43.78,TORONTO NORTH YORK,615S001,11-01-2024,2024,1,11,2.00,0.00,1.00,17.00,0.00,0.00,2.00,2.00,1
-79.47,43.78,TORONTO NORTH YORK,615S001,12-01-2024,2024,1,12,4.00,-1.50,1.25,16.70,0.00,13.20,5.00,18.20,1
-79.47,43.78,TORONTO NORTH YORK,615S001,13-01-2024,2024,1,13,0.50,-1.50,-0.50,18.50,0.00,0.00,0.00,0.00,0
-79.47,43.78,TORONTO NORTH YORK,615S001,14-01-2024,2024,1,14,-5.00,-7.50,-6.25,24.30,0.00,0.00,0.00,0.00,0
-79.47,43.78,TORONTO NORTH YORK,615S001,15-01-2024,2024,1,15,4.89,-2.71,1.09,16.90,0.00,1.63,0.55,2.17,1
-79.47,43.78,TORONTO NORTH YORK,615S001,16-01-2024,2024,1,16,4.89,-2.71,1.09,16.90,0.00,1.63,0.55,2.17,1
-79.47,43.78,TORONTO NORTH YORK,615S001,17-01-2024,2024,1,17,-6.50,-15.00,-10.75,28.80,0.00,0.00,0.00,0.00,0
-79.47,43.78,TORONTO NORTH YORK,615S001,18-01-2024,2024,1,18,-4.00,-10.50,-7.25,25.30,0.00,0.00,0.00,0.00,0
-79.47,43.78,TORONTO NORTH YORK,615S001,19-01-2024,2024,1,19,-9.00,-10.00,-9.50,27.50,0.00,0.00,0.00,0.00,0
-79.47,43.78,TORONTO NORTH YORK,615S001,20-01-2024,2024,1,20,-8.00,-15.50,-11.75,29.80,0.00,0.00,0.00,0.00,0
-79.47,43.78,TORONTO NORTH YORK,615S001,21-01-2024,2024,1,21,-2.00,-12.00,-7.00,25.00,0.00,0.00,0.00,0.00,0
-79.47,43.78,TORONTO NORTH YORK,615S001,22-01-2024,2024,1,22,-0.50,-7.00,-3.75,21.80,0.00,0.00,0.50,0.50,1
-79.47,43.78,TORONTO NORTH YORK,615S001,23-01-2024,2024,1,23,1.50,-1.50,0.00,18.00,0.00,0.00,2.50,2.50,1
-79.47,43.78,TORONTO NORTH YORK,615S001,24-01-2024,2024,1,24,2.00,0.00,1.00,17.00,0.00,8.70,0.00,8.70,1
-79.47,43.78,TORONTO NORTH YORK,615S001,25-01-2024,2024,1,25,3.50,0.50,2.00,16.00,0.00,19.80,0.00,19.80,1
-79.47,43.78,TORONTO NORTH YORK,615S001,26-01-2024,2024,1,26,4.00,1.50,2.75,15.20,0.00,4.80,0.00,4.80,1
-79.47,43.78,TORONTO NORTH YORK,615S001,27-01-2024,2024,1,27,3.00,1.00,2.00,16.00,0.00,0.00,0.00,0.00,0
-79.47,43.78,TORONTO NORTH YORK,615S001,28-01-2024,2024,1,28,3.00,1.00,2.00,16.00,0.00,0.00,0.00,0.00,0
-79.47,43.78,TORONTO NORTH YORK,615S001,29-01-2024,2024,1,29,4.89,-2.71,1.09,16.90,0.00,1.63,0.55,2.17,1
-79.47,43.78,TORONTO NORTH YORK,615S001,30-01-2024,2024,1,30,2.50,-2.50,0.00,18.00,0.00,0.00,0.00,0.00,0
-79.47,43.78,TORONTO NORTH YORK,615S001,31-01-2024,2024,1,31,5.00,0.00,2.50,15.50,0.00,0.00,0.00,0.00,0
-79.47,43.78,TORONTO NORTH YORK,615S001,01-02-2024,2024,2,1,4.50,2.00,3.25,14.70,0.00,0.00,0.00,0.00,0
-79.47,43.78,TORONTO NORTH YORK,615S001,02-02-2024,2024,2,2,3.50,-0.50,1.50,16.50,0.00,0.00,0.00,0.00,0
-79.47,43.78,TORONTO NORTH YORK,615S001,03-02-2024,2024,2,3,5.00,-5.50,-0.25,18.30,0.00,0.00,0.00,0.00,0
-79.47,43.78,TORONTO NORTH YORK,615S001,04-02-2024,2024,2,4,4.89,-2.71,1.09,16.90,0.00,1.63,0.55,2.17,1
-79.47,43.78,TORONTO NORTH YORK,615S001,05-02-2024,2024,2,5,3.50,-3.00,0.25,17.70,0.00,0.00,0.00,0.00,0
-79.47,43.78,TORONTO NORTH YORK,615S001,06-02-2024,2024,2,6,6.00,-5.50,0.25,17.70,0.00,0.00,0.00,0.00,0
-79.47,43.78,TORONTO NORTH YORK,615S001,07-02-2024,2024,2,7,6.50,-4.00,1.25,16.70,0.00,0.00,0.00,0.00,0
-79.47,43.78,TORONTO NORTH YORK,615S001,08-02-2024,2024,2,8,7.50,-1.00,3.25,14.70,0.00,1.10,0.00,1.10,1
-79.47,43.78,TORONTO NORTH YORK,615S001,09-02-2024,2024,2,9,15.50,1.00,8.25,9.70,0.00,0.00,0.00,0.00,0
-79.47,43.78,TORONTO NORTH YORK,615S001,10-02-2024,2024,2,10,8.00,4.50,6.25,11.70,0.00,0.00,0.00,0.00,0
-79.47,43.78,TORONTO NORTH YORK,615S001,11-02-2024,2024,2,11,2.50,1.00,1.75,16.20,0.00,0.00,0.00,0.00,0
-79.47,43.78,TORONTO NORTH YORK,615S001,12-02-2024,2024,2,12,5.00,0.50,2.75,15.20,0.00,0.00,0.00,0.00,0
-79.47,43.78,TORONTO NORTH YORK,615S001,13-02-2024,2024,2,13,5.50,-5.50,0.00,18.00,0.00,0.00,1.00,1.00,1
-79.47,43.78,TORONTO NORTH YORK,615S001,14-02-2024,2024,2,14,0.00,-9.00,-4.50,22.50,0.00,0.00,0.00,0.00,0
-79.47,43.78,TORONTO NORTH YORK,615S001,15-02-2024,2024,2,15,0.50,-8.50,-4.00,22.00,0.00,0.00,9.00,9.00,1
-79.47,43.78,TORONTO NORTH YORK,615S001,16-02-2024,2024,2,16,-1.00,-3.50,-2.25,20.30,0.00,0.00,0.80,0.80,1
-79.47,43.78,TORONTO NORTH YORK,615S001,17-02-2024,2024,2,17,-4.50,-8.50,-6.50,24.50,0.00,0.00,0.00,0.00,0
-79.47,43.78,TORONTO NORTH YORK,615S001,18-02-2024,2024,2,18,4.89,-2.71,1.09,16.90,0.00,1.63,0.55,2.17,1
-79.47,43.78,TORONTO NORTH YORK,615S001,19-02-2024,2024,2,19,-2.00,-13.00,-7.50,25.50,0.00,0.00,0.00,0.00,0
-79.47,43.78,TORONTO NORTH YORK,615S001,20-02-2024,2024,2,20,5.50,-10.00,-2.25,20.30,0.00,0.00,0.00,0.00,0
-79.47,43.78,TORONTO NORTH YORK,615S001,21-02-2024,2024,2,21,9.50,-3.00,3.25,14.70,0.00,0.20,0.00,0.20,1
-79.47,43.78,TORONTO NORTH YORK,615S001,22-02-2024,2024,2,22,11.00,2.00,6.50,11.50,0.00,0.00,0.00,0.00,0
-79.47,43.78,TORONTO NORTH YORK,615S001,23-02-2024,2024,2,23,10.50,-2.00,4.25,13.70,0.00,0.00,0.00,0.00,0
-79.47,43.78,TORONTO NORTH YORK,615S001,24-02-2024,2024,2,24,-2.00,-13.00,-7.50,25.50,0.00,0.00,0.00,0.00,0
-79.47,43.78,TORONTO NORTH YORK,615S001,25-02-2024,2024,2,25,5.50,-10.00,-2.25,20.30,0.00,0.00,0.00,0.00,0
-79.47,43.78,TORONTO NORTH YORK,615S001,26-02-2024,2024,2,26,10.50,-1.50,4.50,13.50,0.00,0.00,0.00,0.00,0
-79.47,43.78,TORONTO NORTH YORK,615S001,27-02-2024,2024,2,27,12.50,-1.00,5.75,12.20,0.00,25.80,0.00,25.80,1
-79.47,43.78,TORONTO NORTH YORK,615S001,28-02-2024,2024,2,28,16.50,-2.50,7.00,11.00,0.00,0.00,0.00,0.00,0
-79.47,43.78,TORONTO NORTH YORK,615S001,29-02-2024,2024,2,29,0.00,-8.00,-4.00,22.00,0.00,0.00,0.00,0.00,0
-79.47,43.78,TORONTO NORTH YORK,615S001,01-03-2024,2024,3,1,9.50,-5.50,2.00,16.00,0.00,0.40,0.00,0.40,1
-79.47,43.78,TORONTO NORTH YORK,615S001,02-03-2024,2024,3,2,6.00,2.50,4.25,13.70,0.00,0.40,0.00,0.40,1
-79.47,43.78,TORONTO NORTH YORK,615S001,03-03-2024,2024,3,3,8.00,5.00,6.50,11.50,0.00,0.00,0.00,0.00,0
-79.47,43.78,TORONTO NORTH YORK,615S001,04-03-2024,2024,3,4,16.50,4.00,10.25,7.70,0.00,0.00,0.00,0.00,0
-79.47,43.78,TORONTO NORTH YORK,615S001,05-03-2024,2024,3,5,16.50,4.00,10.25,7.70,0.00,1.80,0.00,1.80,1
-79.47,43.78,TORONTO NORTH YORK,615S001,06-03-2024,2024,3,6,8.00,5.50,6.75,11.20,0.00,0.00,0.00,0.00,0
-79.47,43.78,TORONTO NORTH YORK,615S001,07-03-2024,2024,3,7,13.50,1.00,7.25,10.70,0.00,0.00,0.00,0.00,0
-79.47,43.78,TORONTO NORTH YORK,615S001,08-03-2024,2024,3,8,9.50,-0.50,4.50,13.50,0.00,11.20,0.00,11.20,1
-79.47,43.78,TORONTO NORTH YORK,615S001,09-03-2024,2024,3,9,4.89,-2.71,1.09,16.90,0.00,1.63,0.55,2.17,1
-79.47,43.78,TORONTO NORTH YORK,615S001,10-03-2024,2024,3,10,1.00,-2.00,-0.50,18.50,0.00,0.00,0.50,0.50,1
-79.47,43.78,TORONTO NORTH YORK,615S001,11-03-2024,2024,3,11,8.50,-2.00,3.25,14.70,0.00,0.00,0.00,0.00,0
-79.47,43.78,TORONTO NORTH YORK,615S001,12-03-2024,2024,3,12,16.00,-2.50,6.75,11.20,0.00,0.00,0.00,0.00,0
-79.47,43.78,TORONTO NORTH YORK,615S001,13-03-2024,2024,3,13,20.50,1.00,10.75,7.20,0.00,0.00,0.00,0.00,0
-79.47,43.78,TORONTO NORTH YORK,615S001,14-03-2024,2024,3,14,11.50,1.00,6.25,11.70,0.00,20.00,0.00,20.00,1
-79.47,43.78,TORONTO NORTH YORK,615S001,15-03-2024,2024,3,15,11.50,4.50,8.00,10.00,0.00,0.00,0.00,0.00,0
-79.47,43.78,TORONTO NORTH YORK,615S001,16-03-2024,2024,3,16,10.00,-0.50,4.75,13.20,0.00,1.80,0.00,1.80,1
-79.47,43.78,TORONTO NORTH YORK,615S001,17-03-2024,2024,3,17,6.50,1.50,4.00,14.00,0.00,0.00,0.00,0.00,0
-79.47,43.78,TORONTO NORTH YORK,615S001,18-03-2024,2024,3,18,3.00,-2.00,0.50,17.50,0.00,0.00,0.00,0.00,0
-79.47,43.78,TORONTO NORTH YORK,615S001,19-03-2024,2024,3,19,4.89,-2.71,1.09,16.90,0.00,1.63,0.55,2.17,1
-79.47,43.78,TORONTO NORTH YORK,615S001,20-03-2024,2024,3,20,4.89,-2.71,1.09,16.90,0.00,1.63,0.55,2.17,1
-79.47,43.78,TORONTO NORTH YORK,615S001,21-03-2024,2024,3,21,-0.50,-7.00,-3.75,21.80,0.00,0.00,0.00,0.00,0
-79.47,43.78,TORONTO NORTH YORK,615S001,22-03-2024,2024,3,22,-3.00,-8.50,-5.75,23.80,0.00,0.00,18.00,18.00,1
-79.47,43.78,TORONTO NORTH YORK,615S001,23-03-2024,2024,3,23,3.00,-8.00,-2.50,20.50,0.00,0.00,0.00,0.00,0
-79.47,43.78,TORONTO NORTH YORK,615S001,24-03-2024,2024,3,24,2.50,-10.00,-3.75,21.80,0.00,0.00,0.00,0.00,0
-79.47,43.78,TORONTO NORTH YORK,615S001,25-03-2024,2024,3,25,8.50,-2.00,3.25,14.70,0.00,0.00,0.00,0.00,0
-79.47,43.78,TORONTO NORTH YORK,615S001,26-03-2024,2024,3,26,9.50,4.00,6.75,11.20,0.00,6.20,0.00,6.20,1
-79.47,43.78,TORONTO NORTH YORK,615S001,27-03-2024,2024,3,27,11.00,6.00,8.50,9.50,0.00,0.00,0.00,0.00,0
-79.47,43.78,TORONTO NORTH YORK,615S001,28-03-2024,2024,3,28,10.50,0.50,5.50,12.50,0.00,0.00,0.00,0.00,0
-79.47,43.78,TORONTO NORTH YORK,615S001,29-03-2024,2024,3,29,7.00,-1.50,2.75,15.20,0.00,0.00,0.00,0.00,0
-79.47,43.78,TORONTO NORTH YORK,615S001,30-03-2024,2024,3,30,9.50,-2.50,3.50,14.50,0.00,0.00,0.00,0.00,0
-79.47,43.78,TORONTO NORTH YORK,615S001,31-03-2024,2024,3,31,11.00,1.00,6.00,12.00,0.00,0.00,0.00,0.00,0
-79.47,43.78,TORONTO NORTH YORK,615S001,01-04-2024,2024,4,1,12.00,2.00,7.00,11.00,0.00,0.00,0.00,0.00,0
